Workbook

Sheet Summary
A1: 普通级 Software Developer 简历初筛与20人多样化小样本
A4: 初筛池 | C4: 20人小样本 | E4: 强 / 中 / 弱 | G4: 岗位标签
A5: =COUNTA('Initial Pool'!$B$2:$B$397) | C5: =COUNTA('Sample 20'!$B$2:$B$21) | E5: =COUNTIF('Sample 20'!$D$2:$D$21,"强")&" / "&COUNTIF('Sample 20'!$D$2:$D$21,"中")&" / "&COUNTIF('Sample 20'!$D$2:$D$21,"弱") | G5: Software_Developer → 普通级 Software Developer
A8: 第一次筛选条件
A9: 1 | B9: 唯一标准标签严格等于 Software_Developer
A10: 2 | B10: 来源批次严格等于 soft_dav_part_1
A11: 3 | B11: 原始标题严格等于 Software Developer；排除Senior、Junior、Principal、Lead、Intern及Software Engineer、Web Developer等相邻岗位
A12: 4 | B12: 正文长度1,200–20,000字符，至少1段日期化工作经历和3类开发关键词
A13: 5 | B13: windows-1252解码为UTF-8；只整理可靠的标准章节标题，不补造内容
A15: 内容指标 | B15: 初筛池数量 | C15: 初筛池占比 | D15: 20人数量 | E15: 20人占比
A16: 有Skills段 | B16: =COUNTIF('Initial Pool'!$L$2:$L$397,"是") | C16: =B16/$A$5 | D16: =COUNTIF('Sample 20'!$L$2:$L$21,"是") | E16: =D16/$C$5
A17: 有证书/执照 | B17: =COUNTIF('Initial Pool'!$M$2:$M$397,"是") | C17: =B17/$A$5 | D17: =COUNTIF('Sample 20'!$M$2:$M$21,"是") | E17: =D17/$C$5
A18: 有Awards/Honors | B18: =COUNTIF('Initial Pool'!$N$2:$N$397,"是") | C18: =B18/$A$5 | D18: =COUNTIF('Sample 20'!$N$2:$N$21,"是") | E18: =D18/$C$5
A19: 有量化成果/成就 | B19: =COUNTIF('Initial Pool'!$O$2:$O$397,"是") | C19: =B19/$A$5 | D19: =COUNTIF('Sample 20'!$O$2:$O$21,"是") | E19: =D19/$C$5
A20: 有个人链接 | B20: =COUNTIF('Initial Pool'!$P$2:$P$397,"是") | C20: =B20/$A$5 | D20: =COUNTIF('Sample 20'!$P$2:$P$21,"是") | E20: =D20/$C$5
A21: 有项目/GitHub/Open Source | B21: =COUNTIF('Initial Pool'!$R$2:$R$397,"是") | C21: =B21/$A$5 | D21: =COUNTIF('Sample 20'!$R$2:$R$21,"是") | E21: =D21/$C$5
A22: 3段及以上工作经历 | B22: =COUNTIF('Initial Pool'!$I$2:$I$397,">=3") | C22: =B22/$A$5 | D22: =COUNTIF('Sample 20'!$I$2:$I$21,">=3") | E22: =D22/$C$5
A23: Bachelor及以上 | B23: =COUNTIF('Initial Pool'!$G$2:$G$397,"Bachelor")+COUNTIF('Initial Pool'!$G$2:$G$397,"Master")+COUNTIF('Initial Pool'!$G$2:$G$397,"Doctorate") | C23: =B23/$A$5 | D23: =COUNTIF('Sample 20'!$G$2:$G$21,"Bachelor")+COUNTIF('Sample 20'!$G$2:$G$21,"Master")+COUNTIF('Sample 20'!$G$2:$G$21,"Doctorate") | E23: =D23/$C$5
A25: 重要说明
A26: “强 / 中 / 弱”只描述简历中可见证据的完整度与丰富度，不代表候选人的真实能力、人格、录用结论或岗位适配度。所有样本的原始标题均严格等于Software Developer；20人小样本按7强、7中、6弱配置，并兼顾学历、工作经历、技术栈、行业、证书、奖项、成果、链接和项目经历的差异。最终20份均通过实际ReportLab PDF页数预检，成品不超过2页。

Sheet Initial Pool
A1: 入选20人 | B1: Candidate ID | C1: 原始标题 | D1: 分类 | E1: 内容证据分 | F1: 资历层级 | G1: 教育层次 | H1: 教育分 | I1: 工作经历数 | J1: 技术关键词数 | K1: 明确技术证书 | L1: 有Skills段 | M1: 有证书/执照 | N1: 有Awards/Honors | O1: 有量化成果/成就 | P1: 有个人链接 | Q1: 有补充信息 | R1: 有项目/GitHub/Open Source | S1: 正文字符数 | T1: 技术方向 | U1: 行业背景 | V1: 原始来源
A2: =IF(COUNTIF('Sample 20'!$B$2:$B$21,B2)>0,"是","") | B2: 20509 | C2: Software Developer | D2: =IF(E2>='Scoring Rules'!$B$3,"强",IF(E2>='Scoring Rules'!$B$4,"中","弱")) | E2: =MIN(100,H2+IF(I2>=5,'Scoring Rules'!$B$16,IF(I2>=3,'Scoring Rules'!$B$17,IF(I2>=1,'Scoring Rules'!$B$18,'Scoring Rules'!$B$19)))+IF(L2="是",'Scoring Rules'!$B$22,0)+MIN(J2*'Scoring Rules'!$B$23,'Scoring Rules'!$B$24)+IF(M2="是",'Scoring Rules'!$B$25,0)+MIN((IF(K2="",0,LEN(K2)-LEN(SUBSTITUTE(K2,";",""))+1))*'Scoring Rules'!$B$26,'Scoring Rules'!$B$27)+IF(N2="是",'Scoring Rules'!$B$28,0)+IF(O2="是",'Scoring Rules'!$B$29,0)+IF(P2="是",'Scoring Rules'!$B$30,0)+IF(Q2="是",'Scoring Rules'!$B$31,0)+IF(R2="是",'Scoring Rules'!$B$32,0)+IF(S2>=8000,'Scoring Rules'!$B$35,IF(S2>=4000,'Scoring Rules'!$B$36,IF(S2>=2000,'Scoring Rules'!$B$37,'Scoring Rules'!$B$38)))) | F2: Standard | G2: Master | H2: 16 | I2: 2 | J2: 8 | R2: 是 | S2: 2296 | T2: Frontend; Backend/API; Data/Database; Embedded/Systems | U2: Healthcare; Technology; Education/Research | V2: C:\Workspace\java\scrape_indeed\soft_dav_part_1\1.html#20783
A3: =IF(COUNTIF('Sample 20'!$B$2:$B$21,B3)>0,"是","") | B3: 20510 | C3: Software Developer | D3: =IF(E3>='Scoring Rules'!$B$3,"强",IF(E3>='Scoring Rules'!$B$4,"中","弱")) | E3: =MIN(100,H3+IF(I3>=5,'Scoring Rules'!$B$16,IF(I3>=3,'Scoring Rules'!$B$17,IF(I3>=1,'Scoring Rules'!$B$18,'Scoring Rules'!$B$19)))+IF(L3="是",'Scoring Rules'!$B$22,0)+MIN(J3*'Scoring Rules'!$B$23,'Scoring Rules'!$B$24)+IF(M3="是",'Scoring Rules'!$B$25,0)+MIN((IF(K3="",0,LEN(K3)-LEN(SUBSTITUTE(K3,";",""))+1))*'Scoring Rules'!$B$26,'Scoring Rules'!$B$27)+IF(N3="是",'Scoring Rules'!$B$28,0)+IF(O3="是",'Scoring Rules'!$B$29,0)+IF(P3="是",'Scoring Rules'!$B$30,0)+IF(Q3="是",'Scoring Rules'!$B$31,0)+IF(R3="是",'Scoring Rules'!$B$32,0)+IF(S3>=8000,'Scoring Rules'!$B$35,IF(S3>=4000,'Scoring Rules'!$B$36,IF(S3>=2000,'Scoring Rules'!$B$37,'Scoring Rules'!$B$38)))) | F3: Standard | G3: Unspecified | H3: 0 | I3: 1 | J3: 14 | R3: 是 | S3: 2301 | T3: Frontend; Backend/API; Mobile; Data/Database; Cloud/DevOps; Testing/Automation | U3: Technology; Education/Research | V3: C:\Workspace\java\scrape_indeed\soft_dav_part_1\10.html#20784
A4: =IF(COUNTIF('Sample 20'!$B$2:$B$21,B4)>0,"是","") | B4: 20516 | C4: Software Developer | D4: =IF(E4>='Scoring Rules'!$B$3,"强",IF(E4>='Scoring Rules'!$B$4,"中","弱")) | E4: =MIN(100,H4+IF(I4>=5,'Scoring Rules'!$B$16,IF(I4>=3,'Scoring Rules'!$B$17,IF(I4>=1,'Scoring Rules'!$B$18,'Scoring Rules'!$B$19)))+IF(L4="是",'Scoring Rules'!$B$22,0)+MIN(J4*'Scoring Rules'!$B$23,'Scoring Rules'!$B$24)+IF(M4="是",'Scoring Rules'!$B$25,0)+MIN((IF(K4="",0,LEN(K4)-LEN(SUBSTITUTE(K4,";",""))+1))*'Scoring Rules'!$B$26,'Scoring Rules'!$B$27)+IF(N4="是",'Scoring Rules'!$B$28,0)+IF(O4="是",'Scoring Rules'!$B$29,0)+IF(P4="是",'Scoring Rules'!$B$30,0)+IF(Q4="是",'Scoring Rules'!$B$31,0)+IF(R4="是",'Scoring Rules'!$B$32,0)+IF(S4>=8000,'Scoring Rules'!$B$35,IF(S4>=4000,'Scoring Rules'!$B$36,IF(S4>=2000,'Scoring Rules'!$B$37,'Scoring Rules'!$B$38)))) | F4: Standard | G4: Certificate | H4: 6 | I4: 5 | J4: 4 | S4: 1977 | T4: Data/Database | U4: Technology; Education/Research | V4: C:\Workspace\java\scrape_indeed\soft_dav_part_1\1004.html#20790
A5: =IF(COUNTIF('Sample 20'!$B$2:$B$21,B5)>0,"是","") | B5: 20522 | C5: Software Developer | D5: =IF(E5>='Scoring Rules'!$B$3,"强",IF(E5>='Scoring Rules'!$B$4,"中","弱")) | E5: =MIN(100,H5+IF(I5>=5,'Scoring Rules'!$B$16,IF(I5>=3,'Scoring Rules'!$B$17,IF(I5>=1,'Scoring Rules'!$B$18,'Scoring Rules'!$B$19)))+IF(L5="是",'Scoring Rules'!$B$22,0)+MIN(J5*'Scoring Rules'!$B$23,'Scoring Rules'!$B$24)+IF(M5="是",'Scoring Rules'!$B$25,0)+MIN((IF(K5="",0,LEN(K5)-LEN(SUBSTITUTE(K5,";",""))+1))*'Scoring Rules'!$B$26,'Scoring Rules'!$B$27)+IF(N5="是",'Scoring Rules'!$B$28,0)+IF(O5="是",'Scoring Rules'!$B$29,0)+IF(P5="是",'Scoring Rules'!$B$30,0)+IF(Q5="是",'Scoring Rules'!$B$31,0)+IF(R5="是",'Scoring Rules'!$B$32,0)+IF(S5>=8000,'Scoring Rules'!$B$35,IF(S5>=4000,'Scoring Rules'!$B$36,IF(S5>=2000,'Scoring Rules'!$B$37,'Scoring Rules'!$B$38)))) | F5: Standard | G5: Bachelor | H5: 12 | I5: 3 | J5: 18 | L5: 是 | O5: 是 | P5: 是 | Q5: 是 | R5: 是 | S5: 2330 | T5: Frontend; Backend/API; Data/Database; Cloud/DevOps; Embedded/Systems; Testing/Automation; Machine Learning | U5: Finance/Banking; Technology; Education/Research | V5: C:\Workspace\java\scrape_indeed\soft_dav_part_1\101.html#20796
A6: =IF(COUNTIF('Sample 20'!$B$2:$B$21,B6)>0,"是","") | B6: 20527 | C6: Software Developer | D6: =IF(E6>='Scoring Rules'!$B$3,"强",IF(E6>='Scoring Rules'!$B$4,"中","弱")) | E6: =MIN(100,H6+IF(I6>=5,'Scoring Rules'!$B$16,IF(I6>=3,'Scoring Rules'!$B$17,IF(I6>=1,'Scoring Rules'!$B$18,'Scoring Rules'!$B$19)))+IF(L6="是",'Scoring Rules'!$B$22,0)+MIN(J6*'Scoring Rules'!$B$23,'Scoring Rules'!$B$24)+IF(M6="是",'Scoring Rules'!$B$25,0)+MIN((IF(K6="",0,LEN(K6)-LEN(SUBSTITUTE(K6,";",""))+1))*'Scoring Rules'!$B$26,'Scoring Rules'!$B$27)+IF(N6="是",'Scoring Rules'!$B$28,0)+IF(O6="是",'Scoring Rules'!$B$29,0)+IF(P6="是",'Scoring Rules'!$B$30,0)+IF(Q6="是",'Scoring Rules'!$B$31,0)+IF(R6="是",'Scoring Rules'!$B$32,0)+IF(S6>=8000,'Scoring Rules'!$B$35,IF(S6>=4000,'Scoring Rules'!$B$36,IF(S6>=2000,'Scoring Rules'!$B$37,'Scoring Rules'!$B$38)))) | F6: Standard | G6: Unspecified | H6: 0 | I6: 4 | J6: 11 | R6: 是 | S6: 3681 | T6: Frontend; Backend/API | U6: Technology; Education/Research | V6: C:\Workspace\java\scrape_indeed\soft_dav_part_1\1014.html#20801
A7: =IF(COUNTIF('Sample 20'!$B$2:$B$21,B7)>0,"是","") | B7: 20540 | C7: Software Developer | D7: =IF(E7>='Scoring Rules'!$B$3,"强",IF(E7>='Scoring Rules'!$B$4,"中","弱")) | E7: =MIN(100,H7+IF(I7>=5,'Scoring Rules'!$B$16,IF(I7>=3,'Scoring Rules'!$B$17,IF(I7>=1,'Scoring Rules'!$B$18,'Scoring Rules'!$B$19)))+IF(L7="是",'Scoring Rules'!$B$22,0)+MIN(J7*'Scoring Rules'!$B$23,'Scoring Rules'!$B$24)+IF(M7="是",'Scoring Rules'!$B$25,0)+MIN((IF(K7="",0,LEN(K7)-LEN(SUBSTITUTE(K7,";",""))+1))*'Scoring Rules'!$B$26,'Scoring Rules'!$B$27)+IF(N7="是",'Scoring Rules'!$B$28,0)+IF(O7="是",'Scoring Rules'!$B$29,0)+IF(P7="是",'Scoring Rules'!$B$30,0)+IF(Q7="是",'Scoring Rules'!$B$31,0)+IF(R7="是",'Scoring Rules'!$B$32,0)+IF(S7>=8000,'Scoring Rules'!$B$35,IF(S7>=4000,'Scoring Rules'!$B$36,IF(S7>=2000,'Scoring Rules'!$B$37,'Scoring Rules'!$B$38)))) | F7: Standard | G7: Bachelor | H7: 12 | I7: 5 | J7: 19 | L7: 是 | P7: 是 | Q7: 是 | R7: 是 | S7: 4108 | T7: Frontend; Backend/API; Data/Database | U7: Finance/Banking; Healthcare; Technology; Education/Research | V7: C:\Workspace\java\scrape_indeed\soft_dav_part_1\1026.html#20814
A8: =IF(COUNTIF('Sample 20'!$B$2:$B$21,B8)>0,"是","") | B8: 20545 | C8: Software Developer | D8: =IF(E8>='Scoring Rules'!$B$3,"强",IF(E8>='Scoring Rules'!$B$4,"中","弱")) | E8: =MIN(100,H8+IF(I8>=5,'Scoring Rules'!$B$16,IF(I8>=3,'Scoring Rules'!$B$17,IF(I8>=1,'Scoring Rules'!$B$18,'Scoring Rules'!$B$19)))+IF(L8="是",'Scoring Rules'!$B$22,0)+MIN(J8*'Scoring Rules'!$B$23,'Scoring Rules'!$B$24)+IF(M8="是",'Scoring Rules'!$B$25,0)+MIN((IF(K8="",0,LEN(K8)-LEN(SUBSTITUTE(K8,";",""))+1))*'Scoring Rules'!$B$26,'Scoring Rules'!$B$27)+IF(N8="是",'Scoring Rules'!$B$28,0)+IF(O8="是",'Scoring Rules'!$B$29,0)+IF(P8="是",'Scoring Rules'!$B$30,0)+IF(Q8="是",'Scoring Rules'!$B$31,0)+IF(R8="是",'Scoring Rules'!$B$32,0)+IF(S8>=8000,'Scoring Rules'!$B$35,IF(S8>=4000,'Scoring Rules'!$B$36,IF(S8>=2000,'Scoring Rules'!$B$37,'Scoring Rules'!$B$38)))) | F8: Standard | G8: Master | H8: 16 | I8: 2 | J8: 15 | K8: PMP | L8: 是 | M8: 是 | O8: 是 | R8: 是 | S8: 3360 | T8: Frontend; Backend/API; Data/Database; Cloud/DevOps; Embedded/Systems; Testing/Automation | U8: Technology; Telecom; Education/Research | V8: C:\Workspace\java\scrape_indeed\soft_dav_part_1\1030.html#20819
A9: =IF(COUNTIF('Sample 20'!$B$2:$B$21,B9)>0,"是","") | B9: 20553 | C9: Software Developer | D9: =IF(E9>='Scoring Rules'!$B$3,"强",IF(E9>='Scoring Rules'!$B$4,"中","弱")) | E9: =MIN(100,H9+IF(I9>=5,'Scoring Rules'!$B$16,IF(I9>=3,'Scoring Rules'!$B$17,IF(I9>=1,'Scoring Rules'!$B$18,'Scoring Rules'!$B$19)))+IF(L9="是",'Scoring Rules'!$B$22,0)+MIN(J9*'Scoring Rules'!$B$23,'Scoring Rules'!$B$24)+IF(M9="是",'Scoring Rules'!$B$25,0)+MIN((IF(K9="",0,LEN(K9)-LEN(SUBSTITUTE(K9,";",""))+1))*'Scoring Rules'!$B$26,'Scoring Rules'!$B$27)+IF(N9="是",'Scoring Rules'!$B$28,0)+IF(O9="是",'Scoring Rules'!$B$29,0)+IF(P9="是",'Scoring Rules'!$B$30,0)+IF(Q9="是",'Scoring Rules'!$B$31,0)+IF(R9="是",'Scoring Rules'!$B$32,0)+IF(S9>=8000,'Scoring Rules'!$B$35,IF(S9>=4000,'Scoring Rules'!$B$36,IF(S9>=2000,'Scoring Rules'!$B$37,'Scoring Rules'!$B$38)))) | F9: Standard | G9: Bachelor | H9: 12 | I9: 4 | J9: 21 | L9: 是 | P9: 是 | Q9: 是 | R9: 是 | S9: 3779 | T9: Frontend; Backend/API; Mobile; Data/Database; Cloud/DevOps | U9: Technology; Education/Research | V9: C:\Workspace\java\scrape_indeed\soft_dav_part_1\1038.html#20827
A10: =IF(COUNTIF('Sample 20'!$B$2:$B$21,B10)>0,"是","") | B10: 20557 | C10: Software Developer | D10: =IF(E10>='Scoring Rules'!$B$3,"强",IF(E10>='Scoring Rules'!$B$4,"中","弱")) | E10: =MIN(100,H10+IF(I10>=5,'Scoring Rules'!$B$16,IF(I10>=3,'Scoring Rules'!$B$17,IF(I10>=1,'Scoring Rules'!$B$18,'Scoring Rules'!$B$19)))+IF(L10="是",'Scoring Rules'!$B$22,0)+MIN(J10*'Scoring Rules'!$B$23,'Scoring Rules'!$B$24)+IF(M10="是",'Scoring Rules'!$B$25,0)+MIN((IF(K10="",0,LEN(K10)-LEN(SUBSTITUTE(K10,";",""))+1))*'Scoring Rules'!$B$26,'Scoring Rules'!$B$27)+IF(N10="是",'Scoring Rules'!$B$28,0)+IF(O10="是",'Scoring Rules'!$B$29,0)+IF(P10="是",'Scoring Rules'!$B$30,0)+IF(Q10="是",'Scoring Rules'!$B$31,0)+IF(R10="是",'Scoring Rules'!$B$32,0)+IF(S10>=8000,'Scoring Rules'!$B$35,IF(S10>=4000,'Scoring Rules'!$B$36,IF(S10>=2000,'Scoring Rules'!$B$37,'Scoring Rules'!$B$38)))) | F10: Standard | G10: Bachelor | H10: 12 | I10: 3 | J10: 4 | L10: 是 | R10: 是 | S10: 2926 | T10: Data/Database; Testing/Automation | U10: Technology; Education/Research | V10: C:\Workspace\java\scrape_indeed\soft_dav_part_1\1041.html#20831
A11: =IF(COUNTIF('Sample 20'!$B$2:$B$21,B11)>0,"是","") | B11: 20589 | C11: Software Developer | D11: =IF(E11>='Scoring Rules'!$B$3,"强",IF(E11>='Scoring Rules'!$B$4,"中","弱")) | E11: =MIN(100,H11+IF(I11>=5,'Scoring Rules'!$B$16,IF(I11>=3,'Scoring Rules'!$B$17,IF(I11>=1,'Scoring Rules'!$B$18,'Scoring Rules'!$B$19)))+IF(L11="是",'Scoring Rules'!$B$22,0)+MIN(J11*'Scoring Rules'!$B$23,'Scoring Rules'!$B$24)+IF(M11="是",'Scoring Rules'!$B$25,0)+MIN((IF(K11="",0,LEN(K11)-LEN(SUBSTITUTE(K11,";",""))+1))*'Scoring Rules'!$B$26,'Scoring Rules'!$B$27)+IF(N11="是",'Scoring Rules'!$B$28,0)+IF(O11="是",'Scoring Rules'!$B$29,0)+IF(P11="是",'Scoring Rules'!$B$30,0)+IF(Q11="是",'Scoring Rules'!$B$31,0)+IF(R11="是",'Scoring Rules'!$B$32,0)+IF(S11>=8000,'Scoring Rules'!$B$35,IF(S11>=4000,'Scoring Rules'!$B$36,IF(S11>=2000,'Scoring Rules'!$B$37,'Scoring Rules'!$B$38)))) | F11: Standard | G11: Bachelor | H11: 12 | I11: 2 | J11: 12 | L11: 是 | S11: 1789 | T11: Frontend; Backend/API; Data/Database | U11: Technology; Education/Research | V11: C:\Workspace\java\scrape_indeed\soft_dav_part_1\1072.html#20865
A12: =IF(COUNTIF('Sample 20'!$B$2:$B$21,B12)>0,"是","") | B12: 20595 | C12: Software Developer | D12: =IF(E12>='Scoring Rules'!$B$3,"强",IF(E12>='Scoring Rules'!$B$4,"中","弱")) | E12: =MIN(100,H12+IF(I12>=5,'Scoring Rules'!$B$16,IF(I12>=3,'Scoring Rules'!$B$17,IF(I12>=1,'Scoring Rules'!$B$18,'Scoring Rules'!$B$19)))+IF(L12="是",'Scoring Rules'!$B$22,0)+MIN(J12*'Scoring Rules'!$B$23,'Scoring Rules'!$B$24)+IF(M12="是",'Scoring Rules'!$B$25,0)+MIN((IF(K12="",0,LEN(K12)-LEN(SUBSTITUTE(K12,";",""))+1))*'Scoring Rules'!$B$26,'Scoring Rules'!$B$27)+IF(N12="是",'Scoring Rules'!$B$28,0)+IF(O12="是",'Scoring Rules'!$B$29,0)+IF(P12="是",'Scoring Rules'!$B$30,0)+IF(Q12="是",'Scoring Rules'!$B$31,0)+IF(R12="是",'Scoring Rules'!$B$32,0)+IF(S12>=8000,'Scoring Rules'!$B$35,IF(S12>=4000,'Scoring Rules'!$B$36,IF(S12>=2000,'Scoring Rules'!$B$37,'Scoring Rules'!$B$38)))) | F12: Standard | G12: Bachelor | H12: 12 | I12: 2 | J12: 11 | L12: 是 | S12: 1643 | T12: Frontend; Backend/API; Mobile; Data/Database | U12: Healthcare; Technology; Consulting | V12: C:\Workspace\java\scrape_indeed\soft_dav_part_1\108.html#20873
A13: =IF(COUNTIF('Sample 20'!$B$2:$B$21,B13)>0,"是","") | B13: 20600 | C13: Software Developer | D13: =IF(E13>='Scoring Rules'!$B$3,"强",IF(E13>='Scoring Rules'!$B$4,"中","弱")) | E13: =MIN(100,H13+IF(I13>=5,'Scoring Rules'!$B$16,IF(I13>=3,'Scoring Rules'!$B$17,IF(I13>=1,'Scoring Rules'!$B$18,'Scoring Rules'!$B$19)))+IF(L13="是",'Scoring Rules'!$B$22,0)+MIN(J13*'Scoring Rules'!$B$23,'Scoring Rules'!$B$24)+IF(M13="是",'Scoring Rules'!$B$25,0)+MIN((IF(K13="",0,LEN(K13)-LEN(SUBSTITUTE(K13,";",""))+1))*'Scoring Rules'!$B$26,'Scoring Rules'!$B$27)+IF(N13="是",'Scoring Rules'!$B$28,0)+IF(O13="是",'Scoring Rules'!$B$29,0)+IF(P13="是",'Scoring Rules'!$B$30,0)+IF(Q13="是",'Scoring Rules'!$B$31,0)+IF(R13="是",'Scoring Rules'!$B$32,0)+IF(S13>=8000,'Scoring Rules'!$B$35,IF(S13>=4000,'Scoring Rules'!$B$36,IF(S13>=2000,'Scoring Rules'!$B$37,'Scoring Rules'!$B$38)))) | F13: Standard | G13: Master | H13: 16 | I13: 3 | J13: 20 | L13: 是 | R13: 是 | S13: 3003 | T13: Frontend; Backend/API; Data/Database; Cloud/DevOps; Machine Learning | U13: Government/Defense; Technology; Education/Research | V13: C:\Workspace\java\scrape_indeed\soft_dav_part_1\1084.html#20878
A14: =IF(COUNTIF('Sample 20'!$B$2:$B$21,B14)>0,"是","") | B14: 20605 | C14: SOFTWARE DEVELOPER | D14: =IF(E14>='Scoring Rules'!$B$3,"强",IF(E14>='Scoring Rules'!$B$4,"中","弱")) | E14: =MIN(100,H14+IF(I14>=5,'Scoring Rules'!$B$16,IF(I14>=3,'Scoring Rules'!$B$17,IF(I14>=1,'Scoring Rules'!$B$18,'Scoring Rules'!$B$19)))+IF(L14="是",'Scoring Rules'!$B$22,0)+MIN(J14*'Scoring Rules'!$B$23,'Scoring Rules'!$B$24)+IF(M14="是",'Scoring Rules'!$B$25,0)+MIN((IF(K14="",0,LEN(K14)-LEN(SUBSTITUTE(K14,";",""))+1))*'Scoring Rules'!$B$26,'Scoring Rules'!$B$27)+IF(N14="是",'Scoring Rules'!$B$28,0)+IF(O14="是",'Scoring Rules'!$B$29,0)+IF(P14="是",'Scoring Rules'!$B$30,0)+IF(Q14="是",'Scoring Rules'!$B$31,0)+IF(R14="是",'Scoring Rules'!$B$32,0)+IF(S14>=8000,'Scoring Rules'!$B$35,IF(S14>=4000,'Scoring Rules'!$B$36,IF(S14>=2000,'Scoring Rules'!$B$37,'Scoring Rules'!$B$38)))) | F14: Standard | G14: Master | H14: 16 | I14: 5 | J14: 20 | L14: 是 | Q14: 是 | R14: 是 | S14: 4912 | T14: Frontend; Backend/API; Data/Database; Testing/Automation | U14: Finance/Banking; Technology; Education/Research | V14: C:\Workspace\java\scrape_indeed\soft_dav_part_1\1089.html#20883
A15: =IF(COUNTIF('Sample 20'!$B$2:$B$21,B15)>0,"是","") | B15: 20611 | C15: Software Developer | D15: =IF(E15>='Scoring Rules'!$B$3,"强",IF(E15>='Scoring Rules'!$B$4,"中","弱")) | E15: =MIN(100,H15+IF(I15>=5,'Scoring Rules'!$B$16,IF(I15>=3,'Scoring Rules'!$B$17,IF(I15>=1,'Scoring Rules'!$B$18,'Scoring Rules'!$B$19)))+IF(L15="是",'Scoring Rules'!$B$22,0)+MIN(J15*'Scoring Rules'!$B$23,'Scoring Rules'!$B$24)+IF(M15="是",'Scoring Rules'!$B$25,0)+MIN((IF(K15="",0,LEN(K15)-LEN(SUBSTITUTE(K15,";",""))+1))*'Scoring Rules'!$B$26,'Scoring Rules'!$B$27)+IF(N15="是",'Scoring Rules'!$B$28,0)+IF(O15="是",'Scoring Rules'!$B$29,0)+IF(P15="是",'Scoring Rules'!$B$30,0)+IF(Q15="是",'Scoring Rules'!$B$31,0)+IF(R15="是",'Scoring Rules'!$B$32,0)+IF(S15>=8000,'Scoring Rules'!$B$35,IF(S15>=4000,'Scoring Rules'!$B$36,IF(S15>=2000,'Scoring Rules'!$B$37,'Scoring Rules'!$B$38)))) | F15: Standard | G15: Associate | H15: 8 | I15: 9 | J15: 19 | L15: 是 | P15: 是 | Q15: 是 | R15: 是 | S15: 3951 | T15: Frontend; Backend/API; Data/Database; Testing/Automation | U15: Technology; Education/Research | V15: C:\Workspace\java\scrape_indeed\soft_dav_part_1\1095.html#20890
A16: =IF(COUNTIF('Sample 20'!$B$2:$B$21,B16)>0,"是","") | B16: 20612 | C16: Software Developer | D16: =IF(E16>='Scoring Rules'!$B$3,"强",IF(E16>='Scoring Rules'!$B$4,"中","弱")) | E16: =MIN(100,H16+IF(I16>=5,'Scoring Rules'!$B$16,IF(I16>=3,'Scoring Rules'!$B$17,IF(I16>=1,'Scoring Rules'!$B$18,'Scoring Rules'!$B$19)))+IF(L16="是",'Scoring Rules'!$B$22,0)+MIN(J16*'Scoring Rules'!$B$23,'Scoring Rules'!$B$24)+IF(M16="是",'Scoring Rules'!$B$25,0)+MIN((IF(K16="",0,LEN(K16)-LEN(SUBSTITUTE(K16,";",""))+1))*'Scoring Rules'!$B$26,'Scoring Rules'!$B$27)+IF(N16="是",'Scoring Rules'!$B$28,0)+IF(O16="是",'Scoring Rules'!$B$29,0)+IF(P16="是",'Scoring Rules'!$B$30,0)+IF(Q16="是",'Scoring Rules'!$B$31,0)+IF(R16="是",'Scoring Rules'!$B$32,0)+IF(S16>=8000,'Scoring Rules'!$B$35,IF(S16>=4000,'Scoring Rules'!$B$36,IF(S16>=2000,'Scoring Rules'!$B$37,'Scoring Rules'!$B$38)))) | F16: Standard | G16: Master | H16: 16 | I16: 1 | J16: 16 | L16: 是 | Q16: 是 | R16: 是 | S16: 3240 | T16: Frontend; Backend/API; Data/Database; Cloud/DevOps; Testing/Automation | U16: Technology; Education/Research | V16: C:\Workspace\java\scrape_indeed\soft_dav_part_1\1096.html#20891
A17: =IF(COUNTIF('Sample 20'!$B$2:$B$21,B17)>0,"是","") | B17: 20613 | C17: Software Developer | D17: =IF(E17>='Scoring Rules'!$B$3,"强",IF(E17>='Scoring Rules'!$B$4,"中","弱")) | E17: =MIN(100,H17+IF(I17>=5,'Scoring Rules'!$B$16,IF(I17>=3,'Scoring Rules'!$B$17,IF(I17>=1,'Scoring Rules'!$B$18,'Scoring Rules'!$B$19)))+IF(L17="是",'Scoring Rules'!$B$22,0)+MIN(J17*'Scoring Rules'!$B$23,'Scoring Rules'!$B$24)+IF(M17="是",'Scoring Rules'!$B$25,0)+MIN((IF(K17="",0,LEN(K17)-LEN(SUBSTITUTE(K17,";",""))+1))*'Scoring Rules'!$B$26,'Scoring Rules'!$B$27)+IF(N17="是",'Scoring Rules'!$B$28,0)+IF(O17="是",'Scoring Rules'!$B$29,0)+IF(P17="是",'Scoring Rules'!$B$30,0)+IF(Q17="是",'Scoring Rules'!$B$31,0)+IF(R17="是",'Scoring Rules'!$B$32,0)+IF(S17>=8000,'Scoring Rules'!$B$35,IF(S17>=4000,'Scoring Rules'!$B$36,IF(S17>=2000,'Scoring Rules'!$B$37,'Scoring Rules'!$B$38)))) | F17: Standard | G17: Unspecified | H17: 0 | I17: 3 | J17: 16 | R17: 是 | S17: 3794 | T17: Frontend; Backend/API; Data/Database; Embedded/Systems; Testing/Automation | U17: Finance/Banking; Technology | V17: C:\Workspace\java\scrape_indeed\soft_dav_part_1\1097.html#20892
A18: =IF(COUNTIF('Sample 20'!$B$2:$B$21,B18)>0,"是","") | B18: 20616 | C18: Software developer | D18: =IF(E18>='Scoring Rules'!$B$3,"强",IF(E18>='Scoring Rules'!$B$4,"中","弱")) | E18: =MIN(100,H18+IF(I18>=5,'Scoring Rules'!$B$16,IF(I18>=3,'Scoring Rules'!$B$17,IF(I18>=1,'Scoring Rules'!$B$18,'Scoring Rules'!$B$19)))+IF(L18="是",'Scoring Rules'!$B$22,0)+MIN(J18*'Scoring Rules'!$B$23,'Scoring Rules'!$B$24)+IF(M18="是",'Scoring Rules'!$B$25,0)+MIN((IF(K18="",0,LEN(K18)-LEN(SUBSTITUTE(K18,";",""))+1))*'Scoring Rules'!$B$26,'Scoring Rules'!$B$27)+IF(N18="是",'Scoring Rules'!$B$28,0)+IF(O18="是",'Scoring Rules'!$B$29,0)+IF(P18="是",'Scoring Rules'!$B$30,0)+IF(Q18="是",'Scoring Rules'!$B$31,0)+IF(R18="是",'Scoring Rules'!$B$32,0)+IF(S18>=8000,'Scoring Rules'!$B$35,IF(S18>=4000,'Scoring Rules'!$B$36,IF(S18>=2000,'Scoring Rules'!$B$37,'Scoring Rules'!$B$38)))) | F18: Standard | G18: Unspecified | H18: 0 | I18: 1 | J18: 19 | R18: 是 | S18: 4663 | T18: Frontend; Backend/API; Mobile; Data/Database; Embedded/Systems | U18: Finance/Banking; Technology; Education/Research | V18: C:\Workspace\java\scrape_indeed\soft_dav_part_1\11.html#20895
A19: =IF(COUNTIF('Sample 20'!$B$2:$B$21,B19)>0,"是","") | B19: 20619 | C19: Software Developer | D19: =IF(E19>='Scoring Rules'!$B$3,"强",IF(E19>='Scoring Rules'!$B$4,"中","弱")) | E19: =MIN(100,H19+IF(I19>=5,'Scoring Rules'!$B$16,IF(I19>=3,'Scoring Rules'!$B$17,IF(I19>=1,'Scoring Rules'!$B$18,'Scoring Rules'!$B$19)))+IF(L19="是",'Scoring Rules'!$B$22,0)+MIN(J19*'Scoring Rules'!$B$23,'Scoring Rules'!$B$24)+IF(M19="是",'Scoring Rules'!$B$25,0)+MIN((IF(K19="",0,LEN(K19)-LEN(SUBSTITUTE(K19,";",""))+1))*'Scoring Rules'!$B$26,'Scoring Rules'!$B$27)+IF(N19="是",'Scoring Rules'!$B$28,0)+IF(O19="是",'Scoring Rules'!$B$29,0)+IF(P19="是",'Scoring Rules'!$B$30,0)+IF(Q19="是",'Scoring Rules'!$B$31,0)+IF(R19="是",'Scoring Rules'!$B$32,0)+IF(S19>=8000,'Scoring Rules'!$B$35,IF(S19>=4000,'Scoring Rules'!$B$36,IF(S19>=2000,'Scoring Rules'!$B$37,'Scoring Rules'!$B$38)))) | F19: Standard | G19: Bachelor | H19: 12 | I19: 4 | J19: 12 | L19: 是 | O19: 是 | P19: 是 | Q19: 是 | R19: 是 | S19: 2031 | T19: Frontend; Backend/API; Cloud/DevOps | U19: Technology; Education/Research | V19: C:\Workspace\java\scrape_indeed\soft_dav_part_1\1101.html#20898
A20: =IF(COUNTIF('Sample 20'!$B$2:$B$21,B20)>0,"是","") | B20: 20625 | C20: Software Developer | D20: =IF(E20>='Scoring Rules'!$B$3,"强",IF(E20>='Scoring Rules'!$B$4,"中","弱")) | E20: =MIN(100,H20+IF(I20>=5,'Scoring Rules'!$B$16,IF(I20>=3,'Scoring Rules'!$B$17,IF(I20>=1,'Scoring Rules'!$B$18,'Scoring Rules'!$B$19)))+IF(L20="是",'Scoring Rules'!$B$22,0)+MIN(J20*'Scoring Rules'!$B$23,'Scoring Rules'!$B$24)+IF(M20="是",'Scoring Rules'!$B$25,0)+MIN((IF(K20="",0,LEN(K20)-LEN(SUBSTITUTE(K20,";",""))+1))*'Scoring Rules'!$B$26,'Scoring Rules'!$B$27)+IF(N20="是",'Scoring Rules'!$B$28,0)+IF(O20="是",'Scoring Rules'!$B$29,0)+IF(P20="是",'Scoring Rules'!$B$30,0)+IF(Q20="是",'Scoring Rules'!$B$31,0)+IF(R20="是",'Scoring Rules'!$B$32,0)+IF(S20>=8000,'Scoring Rules'!$B$35,IF(S20>=4000,'Scoring Rules'!$B$36,IF(S20>=2000,'Scoring Rules'!$B$37,'Scoring Rules'!$B$38)))) | F20: Standard | G20: Master | H20: 16 | I20: 2 | J20: 10 | P20: 是 | R20: 是 | S20: 1503 | T20: Backend/API; Data/Database; Cloud/DevOps; Machine Learning | U20: Technology; Education/Research | V20: C:\Workspace\java\scrape_indeed\soft_dav_part_1\1107.html#20904
A21: =IF(COUNTIF('Sample 20'!$B$2:$B$21,B21)>0,"是","") | B21: 20629 | C21: Software Developer | D21: =IF(E21>='Scoring Rules'!$B$3,"强",IF(E21>='Scoring Rules'!$B$4,"中","弱")) | E21: =MIN(100,H21+IF(I21>=5,'Scoring Rules'!$B$16,IF(I21>=3,'Scoring Rules'!$B$17,IF(I21>=1,'Scoring Rules'!$B$18,'Scoring Rules'!$B$19)))+IF(L21="是",'Scoring Rules'!$B$22,0)+MIN(J21*'Scoring Rules'!$B$23,'Scoring Rules'!$B$24)+IF(M21="是",'Scoring Rules'!$B$25,0)+MIN((IF(K21="",0,LEN(K21)-LEN(SUBSTITUTE(K21,";",""))+1))*'Scoring Rules'!$B$26,'Scoring Rules'!$B$27)+IF(N21="是",'Scoring Rules'!$B$28,0)+IF(O21="是",'Scoring Rules'!$B$29,0)+IF(P21="是",'Scoring Rules'!$B$30,0)+IF(Q21="是",'Scoring Rules'!$B$31,0)+IF(R21="是",'Scoring Rules'!$B$32,0)+IF(S21>=8000,'Scoring Rules'!$B$35,IF(S21>=4000,'Scoring Rules'!$B$36,IF(S21>=2000,'Scoring Rules'!$B$37,'Scoring Rules'!$B$38)))) | F21: Standard | G21: Bachelor | H21: 12 | I21: 3 | J21: 9 | L21: 是 | R21: 是 | S21: 2123 | T21: Frontend; Backend/API; Data/Database; Embedded/Systems | U21: Technology; Education/Research | V21: C:\Workspace\java\scrape_indeed\soft_dav_part_1\1110.html#20908
A22: =IF(COUNTIF('Sample 20'!$B$2:$B$21,B22)>0,"是","") | B22: 20630 | C22: Software Developer | D22: =IF(E22>='Scoring Rules'!$B$3,"强",IF(E22>='Scoring Rules'!$B$4,"中","弱")) | E22: =MIN(100,H22+IF(I22>=5,'Scoring Rules'!$B$16,IF(I22>=3,'Scoring Rules'!$B$17,IF(I22>=1,'Scoring Rules'!$B$18,'Scoring Rules'!$B$19)))+IF(L22="是",'Scoring Rules'!$B$22,0)+MIN(J22*'Scoring Rules'!$B$23,'Scoring Rules'!$B$24)+IF(M22="是",'Scoring Rules'!$B$25,0)+MIN((IF(K22="",0,LEN(K22)-LEN(SUBSTITUTE(K22,";",""))+1))*'Scoring Rules'!$B$26,'Scoring Rules'!$B$27)+IF(N22="是",'Scoring Rules'!$B$28,0)+IF(O22="是",'Scoring Rules'!$B$29,0)+IF(P22="是",'Scoring Rules'!$B$30,0)+IF(Q22="是",'Scoring Rules'!$B$31,0)+IF(R22="是",'Scoring Rules'!$B$32,0)+IF(S22>=8000,'Scoring Rules'!$B$35,IF(S22>=4000,'Scoring Rules'!$B$36,IF(S22>=2000,'Scoring Rules'!$B$37,'Scoring Rules'!$B$38)))) | F22: Standard | G22: Master | H22: 16 | I22: 2 | J22: 18 | L22: 是 | O22: 是 | P22: 是 | R22: 是 | S22: 3048 | T22: Frontend; Backend/API; Data/Database; Cloud/DevOps | U22: Technology; Education/Research | V22: C:\Workspace\java\scrape_indeed\soft_dav_part_1\1111.html#20909
A23: =IF(COUNTIF('Sample 20'!$B$2:$B$21,B23)>0,"是","") | B23: 20631 | C23: Software Developer | D23: =IF(E23>='Scoring Rules'!$B$3,"强",IF(E23>='Scoring Rules'!$B$4,"中","弱")) | E23: =MIN(100,H23+IF(I23>=5,'Scoring Rules'!$B$16,IF(I23>=3,'Scoring Rules'!$B$17,IF(I23>=1,'Scoring Rules'!$B$18,'Scoring Rules'!$B$19)))+IF(L23="是",'Scoring Rules'!$B$22,0)+MIN(J23*'Scoring Rules'!$B$23,'Scoring Rules'!$B$24)+IF(M23="是",'Scoring Rules'!$B$25,0)+MIN((IF(K23="",0,LEN(K23)-LEN(SUBSTITUTE(K23,";",""))+1))*'Scoring Rules'!$B$26,'Scoring Rules'!$B$27)+IF(N23="是",'Scoring Rules'!$B$28,0)+IF(O23="是",'Scoring Rules'!$B$29,0)+IF(P23="是",'Scoring Rules'!$B$30,0)+IF(Q23="是",'Scoring Rules'!$B$31,0)+IF(R23="是",'Scoring Rules'!$B$32,0)+IF(S23>=8000,'Scoring Rules'!$B$35,IF(S23>=4000,'Scoring Rules'!$B$36,IF(S23>=2000,'Scoring Rules'!$B$37,'Scoring Rules'!$B$38)))) | F23: Standard | G23: Master | H23: 16 | I23: 3 | J23: 27 | S23: 2900 | T23: Frontend; Backend/API; Data/Database; Cloud/DevOps; Testing/Automation | U23: Technology; Education/Research; Retail/E-commerce | V23: C:\Workspace\java\scrape_indeed\soft_dav_part_1\1112.html#20910
A24: =IF(COUNTIF('Sample 20'!$B$2:$B$21,B24)>0,"是","") | B24: 20632 | C24: Software Developer | D24: =IF(E24>='Scoring Rules'!$B$3,"强",IF(E24>='Scoring Rules'!$B$4,"中","弱")) | E24: =MIN(100,H24+IF(I24>=5,'Scoring Rules'!$B$16,IF(I24>=3,'Scoring Rules'!$B$17,IF(I24>=1,'Scoring Rules'!$B$18,'Scoring Rules'!$B$19)))+IF(L24="是",'Scoring Rules'!$B$22,0)+MIN(J24*'Scoring Rules'!$B$23,'Scoring Rules'!$B$24)+IF(M24="是",'Scoring Rules'!$B$25,0)+MIN((IF(K24="",0,LEN(K24)-LEN(SUBSTITUTE(K24,";",""))+1))*'Scoring Rules'!$B$26,'Scoring Rules'!$B$27)+IF(N24="是",'Scoring Rules'!$B$28,0)+IF(O24="是",'Scoring Rules'!$B$29,0)+IF(P24="是",'Scoring Rules'!$B$30,0)+IF(Q24="是",'Scoring Rules'!$B$31,0)+IF(R24="是",'Scoring Rules'!$B$32,0)+IF(S24>=8000,'Scoring Rules'!$B$35,IF(S24>=4000,'Scoring Rules'!$B$36,IF(S24>=2000,'Scoring Rules'!$B$37,'Scoring Rules'!$B$38)))) | F24: Standard | G24: Bachelor | H24: 12 | I24: 4 | J24: 15 | L24: 是 | P24: 是 | Q24: 是 | R24: 是 | S24: 1782 | T24: Frontend; Backend/API; Data/Database; Embedded/Systems; Machine Learning | U24: Finance/Banking; Technology; Education/Research | V24: C:\Workspace\java\scrape_indeed\soft_dav_part_1\1113.html#20911
A25: =IF(COUNTIF('Sample 20'!$B$2:$B$21,B25)>0,"是","") | B25: 20634 | C25: Software Developer | D25: =IF(E25>='Scoring Rules'!$B$3,"强",IF(E25>='Scoring Rules'!$B$4,"中","弱")) | E25: =MIN(100,H25+IF(I25>=5,'Scoring Rules'!$B$16,IF(I25>=3,'Scoring Rules'!$B$17,IF(I25>=1,'Scoring Rules'!$B$18,'Scoring Rules'!$B$19)))+IF(L25="是",'Scoring Rules'!$B$22,0)+MIN(J25*'Scoring Rules'!$B$23,'Scoring Rules'!$B$24)+IF(M25="是",'Scoring Rules'!$B$25,0)+MIN((IF(K25="",0,LEN(K25)-LEN(SUBSTITUTE(K25,";",""))+1))*'Scoring Rules'!$B$26,'Scoring Rules'!$B$27)+IF(N25="是",'Scoring Rules'!$B$28,0)+IF(O25="是",'Scoring Rules'!$B$29,0)+IF(P25="是",'Scoring Rules'!$B$30,0)+IF(Q25="是",'Scoring Rules'!$B$31,0)+IF(R25="是",'Scoring Rules'!$B$32,0)+IF(S25>=8000,'Scoring Rules'!$B$35,IF(S25>=4000,'Scoring Rules'!$B$36,IF(S25>=2000,'Scoring Rules'!$B$37,'Scoring Rules'!$B$38)))) | F25: Standard | G25: Bachelor | H25: 12 | I25: 3 | J25: 28 | L25: 是 | P25: 是 | Q25: 是 | R25: 是 | S25: 3250 | T25: Frontend; Backend/API; Mobile; Data/Database; Cloud/DevOps | U25: Technology; Education/Research | V25: C:\Workspace\java\scrape_indeed\soft_dav_part_1\1115.html#20913
A26: =IF(COUNTIF('Sample 20'!$B$2:$B$21,B26)>0,"是","") | B26: 20649 | C26: Software Developer | D26: =IF(E26>='Scoring Rules'!$B$3,"强",IF(E26>='Scoring Rules'!$B$4,"中","弱")) | E26: =MIN(100,H26+IF(I26>=5,'Scoring Rules'!$B$16,IF(I26>=3,'Scoring Rules'!$B$17,IF(I26>=1,'Scoring Rules'!$B$18,'Scoring Rules'!$B$19)))+IF(L26="是",'Scoring Rules'!$B$22,0)+MIN(J26*'Scoring Rules'!$B$23,'Scoring Rules'!$B$24)+IF(M26="是",'Scoring Rules'!$B$25,0)+MIN((IF(K26="",0,LEN(K26)-LEN(SUBSTITUTE(K26,";",""))+1))*'Scoring Rules'!$B$26,'Scoring Rules'!$B$27)+IF(N26="是",'Scoring Rules'!$B$28,0)+IF(O26="是",'Scoring Rules'!$B$29,0)+IF(P26="是",'Scoring Rules'!$B$30,0)+IF(Q26="是",'Scoring Rules'!$B$31,0)+IF(R26="是",'Scoring Rules'!$B$32,0)+IF(S26>=8000,'Scoring Rules'!$B$35,IF(S26>=4000,'Scoring Rules'!$B$36,IF(S26>=2000,'Scoring Rules'!$B$37,'Scoring Rules'!$B$38)))) | F26: Standard | G26: Master | H26: 16 | I26: 2 | J26: 14 | L26: 是 | P26: 是 | R26: 是 | S26: 2040 | T26: Frontend; Backend/API; Data/Database; Machine Learning | U26: Technology; Education/Research | V26: C:\Workspace\java\scrape_indeed\soft_dav_part_1\1129.html#20928
A27: =IF(COUNTIF('Sample 20'!$B$2:$B$21,B27)>0,"是","") | B27: 20652 | C27: Software Developer | D27: =IF(E27>='Scoring Rules'!$B$3,"强",IF(E27>='Scoring Rules'!$B$4,"中","弱")) | E27: =MIN(100,H27+IF(I27>=5,'Scoring Rules'!$B$16,IF(I27>=3,'Scoring Rules'!$B$17,IF(I27>=1,'Scoring Rules'!$B$18,'Scoring Rules'!$B$19)))+IF(L27="是",'Scoring Rules'!$B$22,0)+MIN(J27*'Scoring Rules'!$B$23,'Scoring Rules'!$B$24)+IF(M27="是",'Scoring Rules'!$B$25,0)+MIN((IF(K27="",0,LEN(K27)-LEN(SUBSTITUTE(K27,";",""))+1))*'Scoring Rules'!$B$26,'Scoring Rules'!$B$27)+IF(N27="是",'Scoring Rules'!$B$28,0)+IF(O27="是",'Scoring Rules'!$B$29,0)+IF(P27="是",'Scoring Rules'!$B$30,0)+IF(Q27="是",'Scoring Rules'!$B$31,0)+IF(R27="是",'Scoring Rules'!$B$32,0)+IF(S27>=8000,'Scoring Rules'!$B$35,IF(S27>=4000,'Scoring Rules'!$B$36,IF(S27>=2000,'Scoring Rules'!$B$37,'Scoring Rules'!$B$38)))) | F27: Standard | G27: Unspecified | H27: 2 | I27: 2 | J27: 11 | L27: 是 | O27: 是 | R27: 是 | S27: 4541 | T27: Frontend; Backend/API; Data/Database | U27: Technology; Education/Research | V27: C:\Workspace\java\scrape_indeed\soft_dav_part_1\1131.html#20931
A28: =IF(COUNTIF('Sample 20'!$B$2:$B$21,B28)>0,"是","") | B28: 20653 | C28: Software Developer | D28: =IF(E28>='Scoring Rules'!$B$3,"强",IF(E28>='Scoring Rules'!$B$4,"中","弱")) | E28: =MIN(100,H28+IF(I28>=5,'Scoring Rules'!$B$16,IF(I28>=3,'Scoring Rules'!$B$17,IF(I28>=1,'Scoring Rules'!$B$18,'Scoring Rules'!$B$19)))+IF(L28="是",'Scoring Rules'!$B$22,0)+MIN(J28*'Scoring Rules'!$B$23,'Scoring Rules'!$B$24)+IF(M28="是",'Scoring Rules'!$B$25,0)+MIN((IF(K28="",0,LEN(K28)-LEN(SUBSTITUTE(K28,";",""))+1))*'Scoring Rules'!$B$26,'Scoring Rules'!$B$27)+IF(N28="是",'Scoring Rules'!$B$28,0)+IF(O28="是",'Scoring Rules'!$B$29,0)+IF(P28="是",'Scoring Rules'!$B$30,0)+IF(Q28="是",'Scoring Rules'!$B$31,0)+IF(R28="是",'Scoring Rules'!$B$32,0)+IF(S28>=8000,'Scoring Rules'!$B$35,IF(S28>=4000,'Scoring Rules'!$B$36,IF(S28>=2000,'Scoring Rules'!$B$37,'Scoring Rules'!$B$38)))) | F28: Standard | G28: Bachelor | H28: 12 | I28: 2 | J28: 12 | L28: 是 | Q28: 是 | R28: 是 | S28: 1213 | T28: Frontend; Backend/API; Data/Database | U28: Technology; Education/Research | V28: C:\Workspace\java\scrape_indeed\soft_dav_part_1\1132.html#20932
A29: =IF(COUNTIF('Sample 20'!$B$2:$B$21,B29)>0,"是","") | B29: 20654 | C29: Software Developer | D29: =IF(E29>='Scoring Rules'!$B$3,"强",IF(E29>='Scoring Rules'!$B$4,"中","弱")) | E29: =MIN(100,H29+IF(I29>=5,'Scoring Rules'!$B$16,IF(I29>=3,'Scoring Rules'!$B$17,IF(I29>=1,'Scoring Rules'!$B$18,'Scoring Rules'!$B$19)))+IF(L29="是",'Scoring Rules'!$B$22,0)+MIN(J29*'Scoring Rules'!$B$23,'Scoring Rules'!$B$24)+IF(M29="是",'Scoring Rules'!$B$25,0)+MIN((IF(K29="",0,LEN(K29)-LEN(SUBSTITUTE(K29,";",""))+1))*'Scoring Rules'!$B$26,'Scoring Rules'!$B$27)+IF(N29="是",'Scoring Rules'!$B$28,0)+IF(O29="是",'Scoring Rules'!$B$29,0)+IF(P29="是",'Scoring Rules'!$B$30,0)+IF(Q29="是",'Scoring Rules'!$B$31,0)+IF(R29="是",'Scoring Rules'!$B$32,0)+IF(S29>=8000,'Scoring Rules'!$B$35,IF(S29>=4000,'Scoring Rules'!$B$36,IF(S29>=2000,'Scoring Rules'!$B$37,'Scoring Rules'!$B$38)))) | F29: Standard | G29: Unspecified | H29: 2 | I29: 1 | J29: 19 | L29: 是 | Q29: 是 | R29: 是 | S29: 2246 | T29: Frontend; Backend/API; Data/Database; Cloud/DevOps; Embedded/Systems; Testing/Automation | U29: Finance/Banking; Technology; Education/Research | V29: C:\Workspace\java\scrape_indeed\soft_dav_part_1\1133.html#20933
A30: =IF(COUNTIF('Sample 20'!$B$2:$B$21,B30)>0,"是","") | B30: 20656 | C30: Software Developer | D30: =IF(E30>='Scoring Rules'!$B$3,"强",IF(E30>='Scoring Rules'!$B$4,"中","弱")) | E30: =MIN(100,H30+IF(I30>=5,'Scoring Rules'!$B$16,IF(I30>=3,'Scoring Rules'!$B$17,IF(I30>=1,'Scoring Rules'!$B$18,'Scoring Rules'!$B$19)))+IF(L30="是",'Scoring Rules'!$B$22,0)+MIN(J30*'Scoring Rules'!$B$23,'Scoring Rules'!$B$24)+IF(M30="是",'Scoring Rules'!$B$25,0)+MIN((IF(K30="",0,LEN(K30)-LEN(SUBSTITUTE(K30,";",""))+1))*'Scoring Rules'!$B$26,'Scoring Rules'!$B$27)+IF(N30="是",'Scoring Rules'!$B$28,0)+IF(O30="是",'Scoring Rules'!$B$29,0)+IF(P30="是",'Scoring Rules'!$B$30,0)+IF(Q30="是",'Scoring Rules'!$B$31,0)+IF(R30="是",'Scoring Rules'!$B$32,0)+IF(S30>=8000,'Scoring Rules'!$B$35,IF(S30>=4000,'Scoring Rules'!$B$36,IF(S30>=2000,'Scoring Rules'!$B$37,'Scoring Rules'!$B$38)))) | F30: Standard | G30: Bachelor | H30: 12 | I30: 4 | J30: 7 | L30: 是 | M30: 是 | O30: 是 | R30: 是 | S30: 3024 | T30: Frontend; Data/Database | U30: Technology | V30: C:\Workspace\java\scrape_indeed\soft_dav_part_1\1135.html#20935
A31: =IF(COUNTIF('Sample 20'!$B$2:$B$21,B31)>0,"是","") | B31: 20657 | C31: Software Developer | D31: =IF(E31>='Scoring Rules'!$B$3,"强",IF(E31>='Scoring Rules'!$B$4,"中","弱")) | E31: =MIN(100,H31+IF(I31>=5,'Scoring Rules'!$B$16,IF(I31>=3,'Scoring Rules'!$B$17,IF(I31>=1,'Scoring Rules'!$B$18,'Scoring Rules'!$B$19)))+IF(L31="是",'Scoring Rules'!$B$22,0)+MIN(J31*'Scoring Rules'!$B$23,'Scoring Rules'!$B$24)+IF(M31="是",'Scoring Rules'!$B$25,0)+MIN((IF(K31="",0,LEN(K31)-LEN(SUBSTITUTE(K31,";",""))+1))*'Scoring Rules'!$B$26,'Scoring Rules'!$B$27)+IF(N31="是",'Scoring Rules'!$B$28,0)+IF(O31="是",'Scoring Rules'!$B$29,0)+IF(P31="是",'Scoring Rules'!$B$30,0)+IF(Q31="是",'Scoring Rules'!$B$31,0)+IF(R31="是",'Scoring Rules'!$B$32,0)+IF(S31>=8000,'Scoring Rules'!$B$35,IF(S31>=4000,'Scoring Rules'!$B$36,IF(S31>=2000,'Scoring Rules'!$B$37,'Scoring Rules'!$B$38)))) | F31: Standard | G31: Master | H31: 16 | I31: 1 | J31: 16 | L31: 是 | R31: 是 | S31: 2164 | T31: Frontend; Backend/API; Mobile; Data/Database; Cloud/DevOps | U31: Technology; Education/Research | V31: C:\Workspace\java\scrape_indeed\soft_dav_part_1\1136.html#20936
A32: =IF(COUNTIF('Sample 20'!$B$2:$B$21,B32)>0,"是","") | B32: 20659 | C32: Software Developer | D32: =IF(E32>='Scoring Rules'!$B$3,"强",IF(E32>='Scoring Rules'!$B$4,"中","弱")) | E32: =MIN(100,H32+IF(I32>=5,'Scoring Rules'!$B$16,IF(I32>=3,'Scoring Rules'!$B$17,IF(I32>=1,'Scoring Rules'!$B$18,'Scoring Rules'!$B$19)))+IF(L32="是",'Scoring Rules'!$B$22,0)+MIN(J32*'Scoring Rules'!$B$23,'Scoring Rules'!$B$24)+IF(M32="是",'Scoring Rules'!$B$25,0)+MIN((IF(K32="",0,LEN(K32)-LEN(SUBSTITUTE(K32,";",""))+1))*'Scoring Rules'!$B$26,'Scoring Rules'!$B$27)+IF(N32="是",'Scoring Rules'!$B$28,0)+IF(O32="是",'Scoring Rules'!$B$29,0)+IF(P32="是",'Scoring Rules'!$B$30,0)+IF(Q32="是",'Scoring Rules'!$B$31,0)+IF(R32="是",'Scoring Rules'!$B$32,0)+IF(S32>=8000,'Scoring Rules'!$B$35,IF(S32>=4000,'Scoring Rules'!$B$36,IF(S32>=2000,'Scoring Rules'!$B$37,'Scoring Rules'!$B$38)))) | F32: Standard | G32: High School | H32: 5 | I32: 2 | J32: 15 | P32: 是 | Q32: 是 | R32: 是 | S32: 1650 | T32: Frontend; Backend/API; Mobile; Data/Database | U32: Technology; Education/Research | V32: C:\Workspace\java\scrape_indeed\soft_dav_part_1\1138.html#20938
A33: =IF(COUNTIF('Sample 20'!$B$2:$B$21,B33)>0,"是","") | B33: 20663 | C33: Software Developer | D33: =IF(E33>='Scoring Rules'!$B$3,"强",IF(E33>='Scoring Rules'!$B$4,"中","弱")) | E33: =MIN(100,H33+IF(I33>=5,'Scoring Rules'!$B$16,IF(I33>=3,'Scoring Rules'!$B$17,IF(I33>=1,'Scoring Rules'!$B$18,'Scoring Rules'!$B$19)))+IF(L33="是",'Scoring Rules'!$B$22,0)+MIN(J33*'Scoring Rules'!$B$23,'Scoring Rules'!$B$24)+IF(M33="是",'Scoring Rules'!$B$25,0)+MIN((IF(K33="",0,LEN(K33)-LEN(SUBSTITUTE(K33,";",""))+1))*'Scoring Rules'!$B$26,'Scoring Rules'!$B$27)+IF(N33="是",'Scoring Rules'!$B$28,0)+IF(O33="是",'Scoring Rules'!$B$29,0)+IF(P33="是",'Scoring Rules'!$B$30,0)+IF(Q33="是",'Scoring Rules'!$B$31,0)+IF(R33="是",'Scoring Rules'!$B$32,0)+IF(S33>=8000,'Scoring Rules'!$B$35,IF(S33>=4000,'Scoring Rules'!$B$36,IF(S33>=2000,'Scoring Rules'!$B$37,'Scoring Rules'!$B$38)))) | F33: Standard | G33: Bachelor | H33: 12 | I33: 5 | J33: 12 | L33: 是 | S33: 1895 | T33: Frontend; Backend/API; Data/Database | U33: Technology; Education/Research | V33: C:\Workspace\java\scrape_indeed\soft_dav_part_1\1141.html#20942
A34: =IF(COUNTIF('Sample 20'!$B$2:$B$21,B34)>0,"是","") | B34: 20665 | C34: Software Developer | D34: =IF(E34>='Scoring Rules'!$B$3,"强",IF(E34>='Scoring Rules'!$B$4,"中","弱")) | E34: =MIN(100,H34+IF(I34>=5,'Scoring Rules'!$B$16,IF(I34>=3,'Scoring Rules'!$B$17,IF(I34>=1,'Scoring Rules'!$B$18,'Scoring Rules'!$B$19)))+IF(L34="是",'Scoring Rules'!$B$22,0)+MIN(J34*'Scoring Rules'!$B$23,'Scoring Rules'!$B$24)+IF(M34="是",'Scoring Rules'!$B$25,0)+MIN((IF(K34="",0,LEN(K34)-LEN(SUBSTITUTE(K34,";",""))+1))*'Scoring Rules'!$B$26,'Scoring Rules'!$B$27)+IF(N34="是",'Scoring Rules'!$B$28,0)+IF(O34="是",'Scoring Rules'!$B$29,0)+IF(P34="是",'Scoring Rules'!$B$30,0)+IF(Q34="是",'Scoring Rules'!$B$31,0)+IF(R34="是",'Scoring Rules'!$B$32,0)+IF(S34>=8000,'Scoring Rules'!$B$35,IF(S34>=4000,'Scoring Rules'!$B$36,IF(S34>=2000,'Scoring Rules'!$B$37,'Scoring Rules'!$B$38)))) | F34: Standard | G34: Bachelor | H34: 12 | I34: 3 | J34: 10 | L34: 是 | P34: 是 | S34: 3425 | T34: Frontend; Backend/API; Data/Database | U34: Technology; Education/Research | V34: C:\Workspace\java\scrape_indeed\soft_dav_part_1\1143.html#20944
A35: =IF(COUNTIF('Sample 20'!$B$2:$B$21,B35)>0,"是","") | B35: 20666 | C35: Software Developer | D35: =IF(E35>='Scoring Rules'!$B$3,"强",IF(E35>='Scoring Rules'!$B$4,"中","弱")) | E35: =MIN(100,H35+IF(I35>=5,'Scoring Rules'!$B$16,IF(I35>=3,'Scoring Rules'!$B$17,IF(I35>=1,'Scoring Rules'!$B$18,'Scoring Rules'!$B$19)))+IF(L35="是",'Scoring Rules'!$B$22,0)+MIN(J35*'Scoring Rules'!$B$23,'Scoring Rules'!$B$24)+IF(M35="是",'Scoring Rules'!$B$25,0)+MIN((IF(K35="",0,LEN(K35)-LEN(SUBSTITUTE(K35,";",""))+1))*'Scoring Rules'!$B$26,'Scoring Rules'!$B$27)+IF(N35="是",'Scoring Rules'!$B$28,0)+IF(O35="是",'Scoring Rules'!$B$29,0)+IF(P35="是",'Scoring Rules'!$B$30,0)+IF(Q35="是",'Scoring Rules'!$B$31,0)+IF(R35="是",'Scoring Rules'!$B$32,0)+IF(S35>=8000,'Scoring Rules'!$B$35,IF(S35>=4000,'Scoring Rules'!$B$36,IF(S35>=2000,'Scoring Rules'!$B$37,'Scoring Rules'!$B$38)))) | F35: Standard | G35: Master | H35: 16 | I35: 1 | J35: 11 | Q35: 是 | S35: 1782 | T35: Frontend; Backend/API; Mobile; Data/Database | U35: Finance/Banking; Technology; Education/Research | V35: C:\Workspace\java\scrape_indeed\soft_dav_part_1\1144.html#20945
A36: =IF(COUNTIF('Sample 20'!$B$2:$B$21,B36)>0,"是","") | B36: 20667 | C36: Software Developer | D36: =IF(E36>='Scoring Rules'!$B$3,"强",IF(E36>='Scoring Rules'!$B$4,"中","弱")) | E36: =MIN(100,H36+IF(I36>=5,'Scoring Rules'!$B$16,IF(I36>=3,'Scoring Rules'!$B$17,IF(I36>=1,'Scoring Rules'!$B$18,'Scoring Rules'!$B$19)))+IF(L36="是",'Scoring Rules'!$B$22,0)+MIN(J36*'Scoring Rules'!$B$23,'Scoring Rules'!$B$24)+IF(M36="是",'Scoring Rules'!$B$25,0)+MIN((IF(K36="",0,LEN(K36)-LEN(SUBSTITUTE(K36,";",""))+1))*'Scoring Rules'!$B$26,'Scoring Rules'!$B$27)+IF(N36="是",'Scoring Rules'!$B$28,0)+IF(O36="是",'Scoring Rules'!$B$29,0)+IF(P36="是",'Scoring Rules'!$B$30,0)+IF(Q36="是",'Scoring Rules'!$B$31,0)+IF(R36="是",'Scoring Rules'!$B$32,0)+IF(S36>=8000,'Scoring Rules'!$B$35,IF(S36>=4000,'Scoring Rules'!$B$36,IF(S36>=2000,'Scoring Rules'!$B$37,'Scoring Rules'!$B$38)))) | F36: Standard | G36: Bachelor | H36: 12 | I36: 4 | J36: 17 | L36: 是 | O36: 是 | Q36: 是 | R36: 是 | S36: 3051 | T36: Frontend; Backend/API; Data/Database | U36: Technology; Telecom; Education/Research | V36: C:\Workspace\java\scrape_indeed\soft_dav_part_1\1145.html#20946
A37: =IF(COUNTIF('Sample 20'!$B$2:$B$21,B37)>0,"是","") | B37: 20669 | C37: Software Developer | D37: =IF(E37>='Scoring Rules'!$B$3,"强",IF(E37>='Scoring Rules'!$B$4,"中","弱")) | E37: =MIN(100,H37+IF(I37>=5,'Scoring Rules'!$B$16,IF(I37>=3,'Scoring Rules'!$B$17,IF(I37>=1,'Scoring Rules'!$B$18,'Scoring Rules'!$B$19)))+IF(L37="是",'Scoring Rules'!$B$22,0)+MIN(J37*'Scoring Rules'!$B$23,'Scoring Rules'!$B$24)+IF(M37="是",'Scoring Rules'!$B$25,0)+MIN((IF(K37="",0,LEN(K37)-LEN(SUBSTITUTE(K37,";",""))+1))*'Scoring Rules'!$B$26,'Scoring Rules'!$B$27)+IF(N37="是",'Scoring Rules'!$B$28,0)+IF(O37="是",'Scoring Rules'!$B$29,0)+IF(P37="是",'Scoring Rules'!$B$30,0)+IF(Q37="是",'Scoring Rules'!$B$31,0)+IF(R37="是",'Scoring Rules'!$B$32,0)+IF(S37>=8000,'Scoring Rules'!$B$35,IF(S37>=4000,'Scoring Rules'!$B$36,IF(S37>=2000,'Scoring Rules'!$B$37,'Scoring Rules'!$B$38)))) | F37: Standard | G37: Master | H37: 16 | I37: 5 | J37: 13 | L37: 是 | M37: 是 | R37: 是 | S37: 7438 | T37: Frontend; Backend/API; Data/Database; Testing/Automation | U37: Technology; Consulting; Education/Research | V37: C:\Workspace\java\scrape_indeed\soft_dav_part_1\1147.html#20948
A38: =IF(COUNTIF('Sample 20'!$B$2:$B$21,B38)>0,"是","") | B38: 20690 | C38: Software Developer | D38: =IF(E38>='Scoring Rules'!$B$3,"强",IF(E38>='Scoring Rules'!$B$4,"中","弱")) | E38: =MIN(100,H38+IF(I38>=5,'Scoring Rules'!$B$16,IF(I38>=3,'Scoring Rules'!$B$17,IF(I38>=1,'Scoring Rules'!$B$18,'Scoring Rules'!$B$19)))+IF(L38="是",'Scoring Rules'!$B$22,0)+MIN(J38*'Scoring Rules'!$B$23,'Scoring Rules'!$B$24)+IF(M38="是",'Scoring Rules'!$B$25,0)+MIN((IF(K38="",0,LEN(K38)-LEN(SUBSTITUTE(K38,";",""))+1))*'Scoring Rules'!$B$26,'Scoring Rules'!$B$27)+IF(N38="是",'Scoring Rules'!$B$28,0)+IF(O38="是",'Scoring Rules'!$B$29,0)+IF(P38="是",'Scoring Rules'!$B$30,0)+IF(Q38="是",'Scoring Rules'!$B$31,0)+IF(R38="是",'Scoring Rules'!$B$32,0)+IF(S38>=8000,'Scoring Rules'!$B$35,IF(S38>=4000,'Scoring Rules'!$B$36,IF(S38>=2000,'Scoring Rules'!$B$37,'Scoring Rules'!$B$38)))) | F38: Standard | G38: Bachelor | H38: 12 | I38: 1 | J38: 10 | L38: 是 | R38: 是 | S38: 4512 | T38: Frontend; Backend/API; Data/Database; Embedded/Systems; Testing/Automation | U38: Technology; Education/Research | V38: C:\Workspace\java\scrape_indeed\soft_dav_part_1\1168.html#20971
A39: =IF(COUNTIF('Sample 20'!$B$2:$B$21,B39)>0,"是","") | B39: 20734 | C39: Software Developer | D39: =IF(E39>='Scoring Rules'!$B$3,"强",IF(E39>='Scoring Rules'!$B$4,"中","弱")) | E39: =MIN(100,H39+IF(I39>=5,'Scoring Rules'!$B$16,IF(I39>=3,'Scoring Rules'!$B$17,IF(I39>=1,'Scoring Rules'!$B$18,'Scoring Rules'!$B$19)))+IF(L39="是",'Scoring Rules'!$B$22,0)+MIN(J39*'Scoring Rules'!$B$23,'Scoring Rules'!$B$24)+IF(M39="是",'Scoring Rules'!$B$25,0)+MIN((IF(K39="",0,LEN(K39)-LEN(SUBSTITUTE(K39,";",""))+1))*'Scoring Rules'!$B$26,'Scoring Rules'!$B$27)+IF(N39="是",'Scoring Rules'!$B$28,0)+IF(O39="是",'Scoring Rules'!$B$29,0)+IF(P39="是",'Scoring Rules'!$B$30,0)+IF(Q39="是",'Scoring Rules'!$B$31,0)+IF(R39="是",'Scoring Rules'!$B$32,0)+IF(S39>=8000,'Scoring Rules'!$B$35,IF(S39>=4000,'Scoring Rules'!$B$36,IF(S39>=2000,'Scoring Rules'!$B$37,'Scoring Rules'!$B$38)))) | F39: Standard | G39: Unspecified | H39: 2 | I39: 2 | J39: 9 | L39: 是 | N39: 是 | P39: 是 | R39: 是 | S39: 1571 | T39: Frontend; Backend/API | U39: Technology; Education/Research | V39: C:\Workspace\java\scrape_indeed\soft_dav_part_1\121.html#21018
A40: =IF(COUNTIF('Sample 20'!$B$2:$B$21,B40)>0,"是","") | B40: 20741 | C40: Software Developer | D40: =IF(E40>='Scoring Rules'!$B$3,"强",IF(E40>='Scoring Rules'!$B$4,"中","弱")) | E40: =MIN(100,H40+IF(I40>=5,'Scoring Rules'!$B$16,IF(I40>=3,'Scoring Rules'!$B$17,IF(I40>=1,'Scoring Rules'!$B$18,'Scoring Rules'!$B$19)))+IF(L40="是",'Scoring Rules'!$B$22,0)+MIN(J40*'Scoring Rules'!$B$23,'Scoring Rules'!$B$24)+IF(M40="是",'Scoring Rules'!$B$25,0)+MIN((IF(K40="",0,LEN(K40)-LEN(SUBSTITUTE(K40,";",""))+1))*'Scoring Rules'!$B$26,'Scoring Rules'!$B$27)+IF(N40="是",'Scoring Rules'!$B$28,0)+IF(O40="是",'Scoring Rules'!$B$29,0)+IF(P40="是",'Scoring Rules'!$B$30,0)+IF(Q40="是",'Scoring Rules'!$B$31,0)+IF(R40="是",'Scoring Rules'!$B$32,0)+IF(S40>=8000,'Scoring Rules'!$B$35,IF(S40>=4000,'Scoring Rules'!$B$36,IF(S40>=2000,'Scoring Rules'!$B$37,'Scoring Rules'!$B$38)))) | F40: Standard | G40: Unspecified | H40: 2 | I40: 8 | J40: 25 | L40: 是 | Q40: 是 | R40: 是 | S40: 17516 | T40: Frontend; Backend/API; Data/Database; Cloud/DevOps; Testing/Automation | U40: Finance/Banking; Technology; Consulting; Education/Research; Retail/E-commerce | V40: C:\Workspace\java\scrape_indeed\soft_dav_part_1\1216.html#21025
A41: =IF(COUNTIF('Sample 20'!$B$2:$B$21,B41)>0,"是","") | B41: 20743 | C41: Software Developer | D41: =IF(E41>='Scoring Rules'!$B$3,"强",IF(E41>='Scoring Rules'!$B$4,"中","弱")) | E41: =MIN(100,H41+IF(I41>=5,'Scoring Rules'!$B$16,IF(I41>=3,'Scoring Rules'!$B$17,IF(I41>=1,'Scoring Rules'!$B$18,'Scoring Rules'!$B$19)))+IF(L41="是",'Scoring Rules'!$B$22,0)+MIN(J41*'Scoring Rules'!$B$23,'Scoring Rules'!$B$24)+IF(M41="是",'Scoring Rules'!$B$25,0)+MIN((IF(K41="",0,LEN(K41)-LEN(SUBSTITUTE(K41,";",""))+1))*'Scoring Rules'!$B$26,'Scoring Rules'!$B$27)+IF(N41="是",'Scoring Rules'!$B$28,0)+IF(O41="是",'Scoring Rules'!$B$29,0)+IF(P41="是",'Scoring Rules'!$B$30,0)+IF(Q41="是",'Scoring Rules'!$B$31,0)+IF(R41="是",'Scoring Rules'!$B$32,0)+IF(S41>=8000,'Scoring Rules'!$B$35,IF(S41>=4000,'Scoring Rules'!$B$36,IF(S41>=2000,'Scoring Rules'!$B$37,'Scoring Rules'!$B$38)))) | F41: Standard | G41: Bachelor | H41: 12 | I41: 2 | J41: 3 | L41: 是 | S41: 1352 | T41: Backend/API; Mobile; Data/Database | U41: Technology; Education/Research | V41: C:\Workspace\java\scrape_indeed\soft_dav_part_1\1218.html#21027
A42: =IF(COUNTIF('Sample 20'!$B$2:$B$21,B42)>0,"是","") | B42: 20767 | C42: Software Developer | D42: =IF(E42>='Scoring Rules'!$B$3,"强",IF(E42>='Scoring Rules'!$B$4,"中","弱")) | E42: =MIN(100,H42+IF(I42>=5,'Scoring Rules'!$B$16,IF(I42>=3,'Scoring Rules'!$B$17,IF(I42>=1,'Scoring Rules'!$B$18,'Scoring Rules'!$B$19)))+IF(L42="是",'Scoring Rules'!$B$22,0)+MIN(J42*'Scoring Rules'!$B$23,'Scoring Rules'!$B$24)+IF(M42="是",'Scoring Rules'!$B$25,0)+MIN((IF(K42="",0,LEN(K42)-LEN(SUBSTITUTE(K42,";",""))+1))*'Scoring Rules'!$B$26,'Scoring Rules'!$B$27)+IF(N42="是",'Scoring Rules'!$B$28,0)+IF(O42="是",'Scoring Rules'!$B$29,0)+IF(P42="是",'Scoring Rules'!$B$30,0)+IF(Q42="是",'Scoring Rules'!$B$31,0)+IF(R42="是",'Scoring Rules'!$B$32,0)+IF(S42>=8000,'Scoring Rules'!$B$35,IF(S42>=4000,'Scoring Rules'!$B$36,IF(S42>=2000,'Scoring Rules'!$B$37,'Scoring Rules'!$B$38)))) | F42: Standard | G42: Bachelor | H42: 12 | I42: 3 | J42: 15 | L42: 是 | P42: 是 | Q42: 是 | R42: 是 | S42: 3223 | T42: Frontend; Backend/API; Data/Database; Cloud/DevOps | U42: Healthcare; Technology; Education/Research | V42: C:\Workspace\java\scrape_indeed\soft_dav_part_1\124.html#21051
A43: =IF(COUNTIF('Sample 20'!$B$2:$B$21,B43)>0,"是","") | B43: 20773 | C43: Software Developer | D43: =IF(E43>='Scoring Rules'!$B$3,"强",IF(E43>='Scoring Rules'!$B$4,"中","弱")) | E43: =MIN(100,H43+IF(I43>=5,'Scoring Rules'!$B$16,IF(I43>=3,'Scoring Rules'!$B$17,IF(I43>=1,'Scoring Rules'!$B$18,'Scoring Rules'!$B$19)))+IF(L43="是",'Scoring Rules'!$B$22,0)+MIN(J43*'Scoring Rules'!$B$23,'Scoring Rules'!$B$24)+IF(M43="是",'Scoring Rules'!$B$25,0)+MIN((IF(K43="",0,LEN(K43)-LEN(SUBSTITUTE(K43,";",""))+1))*'Scoring Rules'!$B$26,'Scoring Rules'!$B$27)+IF(N43="是",'Scoring Rules'!$B$28,0)+IF(O43="是",'Scoring Rules'!$B$29,0)+IF(P43="是",'Scoring Rules'!$B$30,0)+IF(Q43="是",'Scoring Rules'!$B$31,0)+IF(R43="是",'Scoring Rules'!$B$32,0)+IF(S43>=8000,'Scoring Rules'!$B$35,IF(S43>=4000,'Scoring Rules'!$B$36,IF(S43>=2000,'Scoring Rules'!$B$37,'Scoring Rules'!$B$38)))) | F43: Standard | G43: Bachelor | H43: 12 | I43: 4 | J43: 11 | K43: Scrum | L43: 是 | M43: 是 | P43: 是 | S43: 2314 | T43: Frontend; Backend/API | U43: Finance/Banking; Technology; Education/Research | V43: C:\Workspace\java\scrape_indeed\soft_dav_part_1\1245.html#21057
A44: =IF(COUNTIF('Sample 20'!$B$2:$B$21,B44)>0,"是","") | B44: 20793 | C44: Software Developer | D44: =IF(E44>='Scoring Rules'!$B$3,"强",IF(E44>='Scoring Rules'!$B$4,"中","弱")) | E44: =MIN(100,H44+IF(I44>=5,'Scoring Rules'!$B$16,IF(I44>=3,'Scoring Rules'!$B$17,IF(I44>=1,'Scoring Rules'!$B$18,'Scoring Rules'!$B$19)))+IF(L44="是",'Scoring Rules'!$B$22,0)+MIN(J44*'Scoring Rules'!$B$23,'Scoring Rules'!$B$24)+IF(M44="是",'Scoring Rules'!$B$25,0)+MIN((IF(K44="",0,LEN(K44)-LEN(SUBSTITUTE(K44,";",""))+1))*'Scoring Rules'!$B$26,'Scoring Rules'!$B$27)+IF(N44="是",'Scoring Rules'!$B$28,0)+IF(O44="是",'Scoring Rules'!$B$29,0)+IF(P44="是",'Scoring Rules'!$B$30,0)+IF(Q44="是",'Scoring Rules'!$B$31,0)+IF(R44="是",'Scoring Rules'!$B$32,0)+IF(S44>=8000,'Scoring Rules'!$B$35,IF(S44>=4000,'Scoring Rules'!$B$36,IF(S44>=2000,'Scoring Rules'!$B$37,'Scoring Rules'!$B$38)))) | F44: Standard | G44: Unspecified | H44: 2 | I44: 5 | J44: 11 | L44: 是 | M44: 是 | Q44: 是 | R44: 是 | S44: 6739 | T44: Frontend; Mobile; Data/Database | U44: Government/Defense; Technology; Education/Research; Manufacturing/Automotive | V44: C:\Workspace\java\scrape_indeed\soft_dav_part_1\1263.html#21077
A45: =IF(COUNTIF('Sample 20'!$B$2:$B$21,B45)>0,"是","") | B45: 20796 | C45: Software Developer | D45: =IF(E45>='Scoring Rules'!$B$3,"强",IF(E45>='Scoring Rules'!$B$4,"中","弱")) | E45: =MIN(100,H45+IF(I45>=5,'Scoring Rules'!$B$16,IF(I45>=3,'Scoring Rules'!$B$17,IF(I45>=1,'Scoring Rules'!$B$18,'Scoring Rules'!$B$19)))+IF(L45="是",'Scoring Rules'!$B$22,0)+MIN(J45*'Scoring Rules'!$B$23,'Scoring Rules'!$B$24)+IF(M45="是",'Scoring Rules'!$B$25,0)+MIN((IF(K45="",0,LEN(K45)-LEN(SUBSTITUTE(K45,";",""))+1))*'Scoring Rules'!$B$26,'Scoring Rules'!$B$27)+IF(N45="是",'Scoring Rules'!$B$28,0)+IF(O45="是",'Scoring Rules'!$B$29,0)+IF(P45="是",'Scoring Rules'!$B$30,0)+IF(Q45="是",'Scoring Rules'!$B$31,0)+IF(R45="是",'Scoring Rules'!$B$32,0)+IF(S45>=8000,'Scoring Rules'!$B$35,IF(S45>=4000,'Scoring Rules'!$B$36,IF(S45>=2000,'Scoring Rules'!$B$37,'Scoring Rules'!$B$38)))) | F45: Standard | G45: Master | H45: 16 | I45: 4 | J45: 20 | L45: 是 | P45: 是 | Q45: 是 | R45: 是 | S45: 3247 | T45: Frontend; Backend/API; Mobile; Data/Database; Cloud/DevOps | U45: Technology; Education/Research | V45: C:\Workspace\java\scrape_indeed\soft_dav_part_1\1266.html#21080
A46: =IF(COUNTIF('Sample 20'!$B$2:$B$21,B46)>0,"是","") | B46: 20799 | C46: Software Developer | D46: =IF(E46>='Scoring Rules'!$B$3,"强",IF(E46>='Scoring Rules'!$B$4,"中","弱")) | E46: =MIN(100,H46+IF(I46>=5,'Scoring Rules'!$B$16,IF(I46>=3,'Scoring Rules'!$B$17,IF(I46>=1,'Scoring Rules'!$B$18,'Scoring Rules'!$B$19)))+IF(L46="是",'Scoring Rules'!$B$22,0)+MIN(J46*'Scoring Rules'!$B$23,'Scoring Rules'!$B$24)+IF(M46="是",'Scoring Rules'!$B$25,0)+MIN((IF(K46="",0,LEN(K46)-LEN(SUBSTITUTE(K46,";",""))+1))*'Scoring Rules'!$B$26,'Scoring Rules'!$B$27)+IF(N46="是",'Scoring Rules'!$B$28,0)+IF(O46="是",'Scoring Rules'!$B$29,0)+IF(P46="是",'Scoring Rules'!$B$30,0)+IF(Q46="是",'Scoring Rules'!$B$31,0)+IF(R46="是",'Scoring Rules'!$B$32,0)+IF(S46>=8000,'Scoring Rules'!$B$35,IF(S46>=4000,'Scoring Rules'!$B$36,IF(S46>=2000,'Scoring Rules'!$B$37,'Scoring Rules'!$B$38)))) | F46: Standard | G46: Master | H46: 16 | I46: 6 | J46: 21 | L46: 是 | P46: 是 | Q46: 是 | R46: 是 | S46: 4149 | T46: Frontend; Backend/API; Mobile; Data/Database; Cloud/DevOps; Embedded/Systems; Testing/Automation | U46: Technology; Education/Research | V46: C:\Workspace\java\scrape_indeed\soft_dav_part_1\1269.html#21083
A47: =IF(COUNTIF('Sample 20'!$B$2:$B$21,B47)>0,"是","") | B47: 20822 | C47: Software Developer | D47: =IF(E47>='Scoring Rules'!$B$3,"强",IF(E47>='Scoring Rules'!$B$4,"中","弱")) | E47: =MIN(100,H47+IF(I47>=5,'Scoring Rules'!$B$16,IF(I47>=3,'Scoring Rules'!$B$17,IF(I47>=1,'Scoring Rules'!$B$18,'Scoring Rules'!$B$19)))+IF(L47="是",'Scoring Rules'!$B$22,0)+MIN(J47*'Scoring Rules'!$B$23,'Scoring Rules'!$B$24)+IF(M47="是",'Scoring Rules'!$B$25,0)+MIN((IF(K47="",0,LEN(K47)-LEN(SUBSTITUTE(K47,";",""))+1))*'Scoring Rules'!$B$26,'Scoring Rules'!$B$27)+IF(N47="是",'Scoring Rules'!$B$28,0)+IF(O47="是",'Scoring Rules'!$B$29,0)+IF(P47="是",'Scoring Rules'!$B$30,0)+IF(Q47="是",'Scoring Rules'!$B$31,0)+IF(R47="是",'Scoring Rules'!$B$32,0)+IF(S47>=8000,'Scoring Rules'!$B$35,IF(S47>=4000,'Scoring Rules'!$B$36,IF(S47>=2000,'Scoring Rules'!$B$37,'Scoring Rules'!$B$38)))) | F47: Standard | G47: Unspecified | H47: 2 | I47: 3 | J47: 7 | L47: 是 | Q47: 是 | R47: 是 | S47: 1740 | T47: Backend/API; Data/Database; Embedded/Systems | U47: Finance/Banking; Technology; Education/Research | V47: C:\Workspace\java\scrape_indeed\soft_dav_part_1\129.html#21106
A48: =IF(COUNTIF('Sample 20'!$B$2:$B$21,B48)>0,"是","") | B48: 20823 | C48: Software Developer | D48: =IF(E48>='Scoring Rules'!$B$3,"强",IF(E48>='Scoring Rules'!$B$4,"中","弱")) | E48: =MIN(100,H48+IF(I48>=5,'Scoring Rules'!$B$16,IF(I48>=3,'Scoring Rules'!$B$17,IF(I48>=1,'Scoring Rules'!$B$18,'Scoring Rules'!$B$19)))+IF(L48="是",'Scoring Rules'!$B$22,0)+MIN(J48*'Scoring Rules'!$B$23,'Scoring Rules'!$B$24)+IF(M48="是",'Scoring Rules'!$B$25,0)+MIN((IF(K48="",0,LEN(K48)-LEN(SUBSTITUTE(K48,";",""))+1))*'Scoring Rules'!$B$26,'Scoring Rules'!$B$27)+IF(N48="是",'Scoring Rules'!$B$28,0)+IF(O48="是",'Scoring Rules'!$B$29,0)+IF(P48="是",'Scoring Rules'!$B$30,0)+IF(Q48="是",'Scoring Rules'!$B$31,0)+IF(R48="是",'Scoring Rules'!$B$32,0)+IF(S48>=8000,'Scoring Rules'!$B$35,IF(S48>=4000,'Scoring Rules'!$B$36,IF(S48>=2000,'Scoring Rules'!$B$37,'Scoring Rules'!$B$38)))) | F48: Standard | G48: Unspecified | H48: 2 | I48: 3 | J48: 15 | L48: 是 | O48: 是 | Q48: 是 | R48: 是 | S48: 11432 | T48: Frontend; Backend/API; Mobile; Data/Database; Embedded/Systems; Testing/Automation | U48: Finance/Banking; Healthcare; Technology; Consulting; Telecom; Education/Research | V48: C:\Workspace\java\scrape_indeed\soft_dav_part_1\1290.html#21107
A49: =IF(COUNTIF('Sample 20'!$B$2:$B$21,B49)>0,"是","") | B49: 20824 | C49: Software Developer | D49: =IF(E49>='Scoring Rules'!$B$3,"强",IF(E49>='Scoring Rules'!$B$4,"中","弱")) | E49: =MIN(100,H49+IF(I49>=5,'Scoring Rules'!$B$16,IF(I49>=3,'Scoring Rules'!$B$17,IF(I49>=1,'Scoring Rules'!$B$18,'Scoring Rules'!$B$19)))+IF(L49="是",'Scoring Rules'!$B$22,0)+MIN(J49*'Scoring Rules'!$B$23,'Scoring Rules'!$B$24)+IF(M49="是",'Scoring Rules'!$B$25,0)+MIN((IF(K49="",0,LEN(K49)-LEN(SUBSTITUTE(K49,";",""))+1))*'Scoring Rules'!$B$26,'Scoring Rules'!$B$27)+IF(N49="是",'Scoring Rules'!$B$28,0)+IF(O49="是",'Scoring Rules'!$B$29,0)+IF(P49="是",'Scoring Rules'!$B$30,0)+IF(Q49="是",'Scoring Rules'!$B$31,0)+IF(R49="是",'Scoring Rules'!$B$32,0)+IF(S49>=8000,'Scoring Rules'!$B$35,IF(S49>=4000,'Scoring Rules'!$B$36,IF(S49>=2000,'Scoring Rules'!$B$37,'Scoring Rules'!$B$38)))) | F49: Standard | G49: Bachelor | H49: 12 | I49: 3 | J49: 11 | L49: 是 | R49: 是 | S49: 1882 | T49: Frontend; Backend/API; Data/Database | U49: Finance/Banking; Government/Defense; Technology; Consulting; Education/Research | V49: C:\Workspace\java\scrape_indeed\soft_dav_part_1\1291.html#21108
A50: =IF(COUNTIF('Sample 20'!$B$2:$B$21,B50)>0,"是","") | B50: 20829 | C50: Software Developer | D50: =IF(E50>='Scoring Rules'!$B$3,"强",IF(E50>='Scoring Rules'!$B$4,"中","弱")) | E50: =MIN(100,H50+IF(I50>=5,'Scoring Rules'!$B$16,IF(I50>=3,'Scoring Rules'!$B$17,IF(I50>=1,'Scoring Rules'!$B$18,'Scoring Rules'!$B$19)))+IF(L50="是",'Scoring Rules'!$B$22,0)+MIN(J50*'Scoring Rules'!$B$23,'Scoring Rules'!$B$24)+IF(M50="是",'Scoring Rules'!$B$25,0)+MIN((IF(K50="",0,LEN(K50)-LEN(SUBSTITUTE(K50,";",""))+1))*'Scoring Rules'!$B$26,'Scoring Rules'!$B$27)+IF(N50="是",'Scoring Rules'!$B$28,0)+IF(O50="是",'Scoring Rules'!$B$29,0)+IF(P50="是",'Scoring Rules'!$B$30,0)+IF(Q50="是",'Scoring Rules'!$B$31,0)+IF(R50="是",'Scoring Rules'!$B$32,0)+IF(S50>=8000,'Scoring Rules'!$B$35,IF(S50>=4000,'Scoring Rules'!$B$36,IF(S50>=2000,'Scoring Rules'!$B$37,'Scoring Rules'!$B$38)))) | F50: Standard | G50: Unspecified | H50: 2 | I50: 5 | J50: 9 | L50: 是 | S50: 2754 | T50: Backend/API; Data/Database; Cloud/DevOps | U50: Healthcare; Technology; Education/Research | V50: C:\Workspace\java\scrape_indeed\soft_dav_part_1\1297.html#21114
A51: =IF(COUNTIF('Sample 20'!$B$2:$B$21,B51)>0,"是","") | B51: 20832 | C51: Software Developer | D51: =IF(E51>='Scoring Rules'!$B$3,"强",IF(E51>='Scoring Rules'!$B$4,"中","弱")) | E51: =MIN(100,H51+IF(I51>=5,'Scoring Rules'!$B$16,IF(I51>=3,'Scoring Rules'!$B$17,IF(I51>=1,'Scoring Rules'!$B$18,'Scoring Rules'!$B$19)))+IF(L51="是",'Scoring Rules'!$B$22,0)+MIN(J51*'Scoring Rules'!$B$23,'Scoring Rules'!$B$24)+IF(M51="是",'Scoring Rules'!$B$25,0)+MIN((IF(K51="",0,LEN(K51)-LEN(SUBSTITUTE(K51,";",""))+1))*'Scoring Rules'!$B$26,'Scoring Rules'!$B$27)+IF(N51="是",'Scoring Rules'!$B$28,0)+IF(O51="是",'Scoring Rules'!$B$29,0)+IF(P51="是",'Scoring Rules'!$B$30,0)+IF(Q51="是",'Scoring Rules'!$B$31,0)+IF(R51="是",'Scoring Rules'!$B$32,0)+IF(S51>=8000,'Scoring Rules'!$B$35,IF(S51>=4000,'Scoring Rules'!$B$36,IF(S51>=2000,'Scoring Rules'!$B$37,'Scoring Rules'!$B$38)))) | F51: Standard | G51: Master | H51: 16 | I51: 1 | J51: 11 | L51: 是 | R51: 是 | S51: 2407 | T51: Frontend; Backend/API; Data/Database | U51: Technology; Education/Research | V51: C:\Workspace\java\scrape_indeed\soft_dav_part_1\13.html#21117
A52: =IF(COUNTIF('Sample 20'!$B$2:$B$21,B52)>0,"是","") | B52: 20837 | C52: Software Developer | D52: =IF(E52>='Scoring Rules'!$B$3,"强",IF(E52>='Scoring Rules'!$B$4,"中","弱")) | E52: =MIN(100,H52+IF(I52>=5,'Scoring Rules'!$B$16,IF(I52>=3,'Scoring Rules'!$B$17,IF(I52>=1,'Scoring Rules'!$B$18,'Scoring Rules'!$B$19)))+IF(L52="是",'Scoring Rules'!$B$22,0)+MIN(J52*'Scoring Rules'!$B$23,'Scoring Rules'!$B$24)+IF(M52="是",'Scoring Rules'!$B$25,0)+MIN((IF(K52="",0,LEN(K52)-LEN(SUBSTITUTE(K52,";",""))+1))*'Scoring Rules'!$B$26,'Scoring Rules'!$B$27)+IF(N52="是",'Scoring Rules'!$B$28,0)+IF(O52="是",'Scoring Rules'!$B$29,0)+IF(P52="是",'Scoring Rules'!$B$30,0)+IF(Q52="是",'Scoring Rules'!$B$31,0)+IF(R52="是",'Scoring Rules'!$B$32,0)+IF(S52>=8000,'Scoring Rules'!$B$35,IF(S52>=4000,'Scoring Rules'!$B$36,IF(S52>=2000,'Scoring Rules'!$B$37,'Scoring Rules'!$B$38)))) | F52: Standard | G52: Bachelor | H52: 12 | I52: 4 | J52: 8 | L52: 是 | O52: 是 | S52: 4118 | T52: Frontend; Backend/API; Testing/Automation | U52: Finance/Banking; Government/Defense; Technology; Education/Research; Manufacturing/Automotive | V52: C:\Workspace\java\scrape_indeed\soft_dav_part_1\1303.html#21122
A53: =IF(COUNTIF('Sample 20'!$B$2:$B$21,B53)>0,"是","") | B53: 20844 | C53: Software Developer | D53: =IF(E53>='Scoring Rules'!$B$3,"强",IF(E53>='Scoring Rules'!$B$4,"中","弱")) | E53: =MIN(100,H53+IF(I53>=5,'Scoring Rules'!$B$16,IF(I53>=3,'Scoring Rules'!$B$17,IF(I53>=1,'Scoring Rules'!$B$18,'Scoring Rules'!$B$19)))+IF(L53="是",'Scoring Rules'!$B$22,0)+MIN(J53*'Scoring Rules'!$B$23,'Scoring Rules'!$B$24)+IF(M53="是",'Scoring Rules'!$B$25,0)+MIN((IF(K53="",0,LEN(K53)-LEN(SUBSTITUTE(K53,";",""))+1))*'Scoring Rules'!$B$26,'Scoring Rules'!$B$27)+IF(N53="是",'Scoring Rules'!$B$28,0)+IF(O53="是",'Scoring Rules'!$B$29,0)+IF(P53="是",'Scoring Rules'!$B$30,0)+IF(Q53="是",'Scoring Rules'!$B$31,0)+IF(R53="是",'Scoring Rules'!$B$32,0)+IF(S53>=8000,'Scoring Rules'!$B$35,IF(S53>=4000,'Scoring Rules'!$B$36,IF(S53>=2000,'Scoring Rules'!$B$37,'Scoring Rules'!$B$38)))) | F53: Standard | G53: Unspecified | H53: 2 | I53: 3 | J53: 20 | L53: 是 | P53: 是 | Q53: 是 | R53: 是 | S53: 4249 | T53: Frontend; Backend/API; Mobile; Data/Database; Cloud/DevOps; Embedded/Systems | U53: Finance/Banking; Technology; Education/Research | V53: C:\Workspace\java\scrape_indeed\soft_dav_part_1\131.html#21129
A54: =IF(COUNTIF('Sample 20'!$B$2:$B$21,B54)>0,"是","") | B54: 20854 | C54: Software Developer | D54: =IF(E54>='Scoring Rules'!$B$3,"强",IF(E54>='Scoring Rules'!$B$4,"中","弱")) | E54: =MIN(100,H54+IF(I54>=5,'Scoring Rules'!$B$16,IF(I54>=3,'Scoring Rules'!$B$17,IF(I54>=1,'Scoring Rules'!$B$18,'Scoring Rules'!$B$19)))+IF(L54="是",'Scoring Rules'!$B$22,0)+MIN(J54*'Scoring Rules'!$B$23,'Scoring Rules'!$B$24)+IF(M54="是",'Scoring Rules'!$B$25,0)+MIN((IF(K54="",0,LEN(K54)-LEN(SUBSTITUTE(K54,";",""))+1))*'Scoring Rules'!$B$26,'Scoring Rules'!$B$27)+IF(N54="是",'Scoring Rules'!$B$28,0)+IF(O54="是",'Scoring Rules'!$B$29,0)+IF(P54="是",'Scoring Rules'!$B$30,0)+IF(Q54="是",'Scoring Rules'!$B$31,0)+IF(R54="是",'Scoring Rules'!$B$32,0)+IF(S54>=8000,'Scoring Rules'!$B$35,IF(S54>=4000,'Scoring Rules'!$B$36,IF(S54>=2000,'Scoring Rules'!$B$37,'Scoring Rules'!$B$38)))) | F54: Standard | G54: Master | H54: 16 | I54: 6 | J54: 18 | R54: 是 | S54: 6775 | T54: Frontend; Backend/API; Mobile; Data/Database; Cloud/DevOps; Testing/Automation | U54: Finance/Banking; Healthcare; Technology; Consulting; Education/Research; Retail/E-commerce; Manufacturing/Automotive | V54: C:\Workspace\java\scrape_indeed\soft_dav_part_1\1319.html#21139
A55: =IF(COUNTIF('Sample 20'!$B$2:$B$21,B55)>0,"是","") | B55: 20861 | C55: Software Developer | D55: =IF(E55>='Scoring Rules'!$B$3,"强",IF(E55>='Scoring Rules'!$B$4,"中","弱")) | E55: =MIN(100,H55+IF(I55>=5,'Scoring Rules'!$B$16,IF(I55>=3,'Scoring Rules'!$B$17,IF(I55>=1,'Scoring Rules'!$B$18,'Scoring Rules'!$B$19)))+IF(L55="是",'Scoring Rules'!$B$22,0)+MIN(J55*'Scoring Rules'!$B$23,'Scoring Rules'!$B$24)+IF(M55="是",'Scoring Rules'!$B$25,0)+MIN((IF(K55="",0,LEN(K55)-LEN(SUBSTITUTE(K55,";",""))+1))*'Scoring Rules'!$B$26,'Scoring Rules'!$B$27)+IF(N55="是",'Scoring Rules'!$B$28,0)+IF(O55="是",'Scoring Rules'!$B$29,0)+IF(P55="是",'Scoring Rules'!$B$30,0)+IF(Q55="是",'Scoring Rules'!$B$31,0)+IF(R55="是",'Scoring Rules'!$B$32,0)+IF(S55>=8000,'Scoring Rules'!$B$35,IF(S55>=4000,'Scoring Rules'!$B$36,IF(S55>=2000,'Scoring Rules'!$B$37,'Scoring Rules'!$B$38)))) | F55: Standard | G55: Bachelor | H55: 12 | I55: 3 | J55: 13 | L55: 是 | P55: 是 | Q55: 是 | S55: 1972 | T55: Frontend; Backend/API; Data/Database; Embedded/Systems | U55: Technology; Education/Research | V55: C:\Workspace\java\scrape_indeed\soft_dav_part_1\1325.html#21146
A56: =IF(COUNTIF('Sample 20'!$B$2:$B$21,B56)>0,"是","") | B56: 20910 | C56: Software Developer | D56: =IF(E56>='Scoring Rules'!$B$3,"强",IF(E56>='Scoring Rules'!$B$4,"中","弱")) | E56: =MIN(100,H56+IF(I56>=5,'Scoring Rules'!$B$16,IF(I56>=3,'Scoring Rules'!$B$17,IF(I56>=1,'Scoring Rules'!$B$18,'Scoring Rules'!$B$19)))+IF(L56="是",'Scoring Rules'!$B$22,0)+MIN(J56*'Scoring Rules'!$B$23,'Scoring Rules'!$B$24)+IF(M56="是",'Scoring Rules'!$B$25,0)+MIN((IF(K56="",0,LEN(K56)-LEN(SUBSTITUTE(K56,";",""))+1))*'Scoring Rules'!$B$26,'Scoring Rules'!$B$27)+IF(N56="是",'Scoring Rules'!$B$28,0)+IF(O56="是",'Scoring Rules'!$B$29,0)+IF(P56="是",'Scoring Rules'!$B$30,0)+IF(Q56="是",'Scoring Rules'!$B$31,0)+IF(R56="是",'Scoring Rules'!$B$32,0)+IF(S56>=8000,'Scoring Rules'!$B$35,IF(S56>=4000,'Scoring Rules'!$B$36,IF(S56>=2000,'Scoring Rules'!$B$37,'Scoring Rules'!$B$38)))) | F56: Standard | G56: Master | H56: 16 | I56: 5 | J56: 20 | L56: 是 | O56: 是 | P56: 是 | Q56: 是 | R56: 是 | S56: 4721 | T56: Frontend; Backend/API; Data/Database; Cloud/DevOps; Machine Learning | U56: Technology; Consulting; Education/Research | V56: C:\Workspace\java\scrape_indeed\soft_dav_part_1\137.html#21195
A57: =IF(COUNTIF('Sample 20'!$B$2:$B$21,B57)>0,"是","") | B57: 20946 | C57: Software Developer | D57: =IF(E57>='Scoring Rules'!$B$3,"强",IF(E57>='Scoring Rules'!$B$4,"中","弱")) | E57: =MIN(100,H57+IF(I57>=5,'Scoring Rules'!$B$16,IF(I57>=3,'Scoring Rules'!$B$17,IF(I57>=1,'Scoring Rules'!$B$18,'Scoring Rules'!$B$19)))+IF(L57="是",'Scoring Rules'!$B$22,0)+MIN(J57*'Scoring Rules'!$B$23,'Scoring Rules'!$B$24)+IF(M57="是",'Scoring Rules'!$B$25,0)+MIN((IF(K57="",0,LEN(K57)-LEN(SUBSTITUTE(K57,";",""))+1))*'Scoring Rules'!$B$26,'Scoring Rules'!$B$27)+IF(N57="是",'Scoring Rules'!$B$28,0)+IF(O57="是",'Scoring Rules'!$B$29,0)+IF(P57="是",'Scoring Rules'!$B$30,0)+IF(Q57="是",'Scoring Rules'!$B$31,0)+IF(R57="是",'Scoring Rules'!$B$32,0)+IF(S57>=8000,'Scoring Rules'!$B$35,IF(S57>=4000,'Scoring Rules'!$B$36,IF(S57>=2000,'Scoring Rules'!$B$37,'Scoring Rules'!$B$38)))) | F57: Standard | G57: Master | H57: 16 | I57: 3 | J57: 8 | L57: 是 | Q57: 是 | S57: 1836 | T57: Frontend; Backend/API; Mobile; Data/Database; Testing/Automation | U57: Government/Defense; Technology; Education/Research | V57: C:\Workspace\java\scrape_indeed\soft_dav_part_1\1403.html#21233
A58: =IF(COUNTIF('Sample 20'!$B$2:$B$21,B58)>0,"是","") | B58: 20964 | C58: Software Developer | D58: =IF(E58>='Scoring Rules'!$B$3,"强",IF(E58>='Scoring Rules'!$B$4,"中","弱")) | E58: =MIN(100,H58+IF(I58>=5,'Scoring Rules'!$B$16,IF(I58>=3,'Scoring Rules'!$B$17,IF(I58>=1,'Scoring Rules'!$B$18,'Scoring Rules'!$B$19)))+IF(L58="是",'Scoring Rules'!$B$22,0)+MIN(J58*'Scoring Rules'!$B$23,'Scoring Rules'!$B$24)+IF(M58="是",'Scoring Rules'!$B$25,0)+MIN((IF(K58="",0,LEN(K58)-LEN(SUBSTITUTE(K58,";",""))+1))*'Scoring Rules'!$B$26,'Scoring Rules'!$B$27)+IF(N58="是",'Scoring Rules'!$B$28,0)+IF(O58="是",'Scoring Rules'!$B$29,0)+IF(P58="是",'Scoring Rules'!$B$30,0)+IF(Q58="是",'Scoring Rules'!$B$31,0)+IF(R58="是",'Scoring Rules'!$B$32,0)+IF(S58>=8000,'Scoring Rules'!$B$35,IF(S58>=4000,'Scoring Rules'!$B$36,IF(S58>=2000,'Scoring Rules'!$B$37,'Scoring Rules'!$B$38)))) | F58: Standard | G58: Certificate | H58: 6 | I58: 6 | J58: 5 | S58: 1937 | T58: Backend/API; Data/Database; Machine Learning | U58: Finance/Banking; Technology; Education/Research | V58: C:\Workspace\java\scrape_indeed\soft_dav_part_1\1420.html#21252
A59: =IF(COUNTIF('Sample 20'!$B$2:$B$21,B59)>0,"是","") | B59: 20975 | C59: Software Developer | D59: =IF(E59>='Scoring Rules'!$B$3,"强",IF(E59>='Scoring Rules'!$B$4,"中","弱")) | E59: =MIN(100,H59+IF(I59>=5,'Scoring Rules'!$B$16,IF(I59>=3,'Scoring Rules'!$B$17,IF(I59>=1,'Scoring Rules'!$B$18,'Scoring Rules'!$B$19)))+IF(L59="是",'Scoring Rules'!$B$22,0)+MIN(J59*'Scoring Rules'!$B$23,'Scoring Rules'!$B$24)+IF(M59="是",'Scoring Rules'!$B$25,0)+MIN((IF(K59="",0,LEN(K59)-LEN(SUBSTITUTE(K59,";",""))+1))*'Scoring Rules'!$B$26,'Scoring Rules'!$B$27)+IF(N59="是",'Scoring Rules'!$B$28,0)+IF(O59="是",'Scoring Rules'!$B$29,0)+IF(P59="是",'Scoring Rules'!$B$30,0)+IF(Q59="是",'Scoring Rules'!$B$31,0)+IF(R59="是",'Scoring Rules'!$B$32,0)+IF(S59>=8000,'Scoring Rules'!$B$35,IF(S59>=4000,'Scoring Rules'!$B$36,IF(S59>=2000,'Scoring Rules'!$B$37,'Scoring Rules'!$B$38)))) | F59: Standard | G59: Bachelor | H59: 12 | I59: 4 | J59: 9 | L59: 是 | N59: 是 | O59: 是 | S59: 2355 | T59: Frontend; Backend/API; Data/Database | U59: Finance/Banking; Technology; Education/Research | V59: C:\Workspace\java\scrape_indeed\soft_dav_part_1\1430.html#21263
A60: =IF(COUNTIF('Sample 20'!$B$2:$B$21,B60)>0,"是","") | B60: 20998 | C60: Software Developer | D60: =IF(E60>='Scoring Rules'!$B$3,"强",IF(E60>='Scoring Rules'!$B$4,"中","弱")) | E60: =MIN(100,H60+IF(I60>=5,'Scoring Rules'!$B$16,IF(I60>=3,'Scoring Rules'!$B$17,IF(I60>=1,'Scoring Rules'!$B$18,'Scoring Rules'!$B$19)))+IF(L60="是",'Scoring Rules'!$B$22,0)+MIN(J60*'Scoring Rules'!$B$23,'Scoring Rules'!$B$24)+IF(M60="是",'Scoring Rules'!$B$25,0)+MIN((IF(K60="",0,LEN(K60)-LEN(SUBSTITUTE(K60,";",""))+1))*'Scoring Rules'!$B$26,'Scoring Rules'!$B$27)+IF(N60="是",'Scoring Rules'!$B$28,0)+IF(O60="是",'Scoring Rules'!$B$29,0)+IF(P60="是",'Scoring Rules'!$B$30,0)+IF(Q60="是",'Scoring Rules'!$B$31,0)+IF(R60="是",'Scoring Rules'!$B$32,0)+IF(S60>=8000,'Scoring Rules'!$B$35,IF(S60>=4000,'Scoring Rules'!$B$36,IF(S60>=2000,'Scoring Rules'!$B$37,'Scoring Rules'!$B$38)))) | F60: Standard | G60: Unspecified | H60: 2 | I60: 3 | J60: 6 | P60: 是 | R60: 是 | S60: 2956 | T60: Data/Database | U60: Technology; Education/Research; Manufacturing/Automotive | V60: C:\Workspace\java\scrape_indeed\soft_dav_part_1\1451.html#21286
A61: =IF(COUNTIF('Sample 20'!$B$2:$B$21,B61)>0,"是","") | B61: 21006 | C61: Software Developer | D61: =IF(E61>='Scoring Rules'!$B$3,"强",IF(E61>='Scoring Rules'!$B$4,"中","弱")) | E61: =MIN(100,H61+IF(I61>=5,'Scoring Rules'!$B$16,IF(I61>=3,'Scoring Rules'!$B$17,IF(I61>=1,'Scoring Rules'!$B$18,'Scoring Rules'!$B$19)))+IF(L61="是",'Scoring Rules'!$B$22,0)+MIN(J61*'Scoring Rules'!$B$23,'Scoring Rules'!$B$24)+IF(M61="是",'Scoring Rules'!$B$25,0)+MIN((IF(K61="",0,LEN(K61)-LEN(SUBSTITUTE(K61,";",""))+1))*'Scoring Rules'!$B$26,'Scoring Rules'!$B$27)+IF(N61="是",'Scoring Rules'!$B$28,0)+IF(O61="是",'Scoring Rules'!$B$29,0)+IF(P61="是",'Scoring Rules'!$B$30,0)+IF(Q61="是",'Scoring Rules'!$B$31,0)+IF(R61="是",'Scoring Rules'!$B$32,0)+IF(S61>=8000,'Scoring Rules'!$B$35,IF(S61>=4000,'Scoring Rules'!$B$36,IF(S61>=2000,'Scoring Rules'!$B$37,'Scoring Rules'!$B$38)))) | F61: Standard | G61: Unspecified | H61: 2 | I61: 4 | J61: 14 | L61: 是 | Q61: 是 | R61: 是 | S61: 2767 | T61: Frontend; Backend/API; Data/Database | U61: Finance/Banking; Healthcare; Technology; Education/Research; Retail/E-commerce | V61: C:\Workspace\java\scrape_indeed\soft_dav_part_1\1459.html#21294
A62: =IF(COUNTIF('Sample 20'!$B$2:$B$21,B62)>0,"是","") | B62: 21033 | C62: Software Developer | D62: =IF(E62>='Scoring Rules'!$B$3,"强",IF(E62>='Scoring Rules'!$B$4,"中","弱")) | E62: =MIN(100,H62+IF(I62>=5,'Scoring Rules'!$B$16,IF(I62>=3,'Scoring Rules'!$B$17,IF(I62>=1,'Scoring Rules'!$B$18,'Scoring Rules'!$B$19)))+IF(L62="是",'Scoring Rules'!$B$22,0)+MIN(J62*'Scoring Rules'!$B$23,'Scoring Rules'!$B$24)+IF(M62="是",'Scoring Rules'!$B$25,0)+MIN((IF(K62="",0,LEN(K62)-LEN(SUBSTITUTE(K62,";",""))+1))*'Scoring Rules'!$B$26,'Scoring Rules'!$B$27)+IF(N62="是",'Scoring Rules'!$B$28,0)+IF(O62="是",'Scoring Rules'!$B$29,0)+IF(P62="是",'Scoring Rules'!$B$30,0)+IF(Q62="是",'Scoring Rules'!$B$31,0)+IF(R62="是",'Scoring Rules'!$B$32,0)+IF(S62>=8000,'Scoring Rules'!$B$35,IF(S62>=4000,'Scoring Rules'!$B$36,IF(S62>=2000,'Scoring Rules'!$B$37,'Scoring Rules'!$B$38)))) | F62: Standard | G62: Bachelor | H62: 12 | I62: 4 | J62: 13 | L62: 是 | Q62: 是 | R62: 是 | S62: 3491 | T62: Frontend; Backend/API; Mobile; Data/Database | U62: Healthcare; Technology; Education/Research | V62: C:\Workspace\java\scrape_indeed\soft_dav_part_1\1483.html#21321
A63: =IF(COUNTIF('Sample 20'!$B$2:$B$21,B63)>0,"是","") | B63: 21044 | C63: Software Developer | D63: =IF(E63>='Scoring Rules'!$B$3,"强",IF(E63>='Scoring Rules'!$B$4,"中","弱")) | E63: =MIN(100,H63+IF(I63>=5,'Scoring Rules'!$B$16,IF(I63>=3,'Scoring Rules'!$B$17,IF(I63>=1,'Scoring Rules'!$B$18,'Scoring Rules'!$B$19)))+IF(L63="是",'Scoring Rules'!$B$22,0)+MIN(J63*'Scoring Rules'!$B$23,'Scoring Rules'!$B$24)+IF(M63="是",'Scoring Rules'!$B$25,0)+MIN((IF(K63="",0,LEN(K63)-LEN(SUBSTITUTE(K63,";",""))+1))*'Scoring Rules'!$B$26,'Scoring Rules'!$B$27)+IF(N63="是",'Scoring Rules'!$B$28,0)+IF(O63="是",'Scoring Rules'!$B$29,0)+IF(P63="是",'Scoring Rules'!$B$30,0)+IF(Q63="是",'Scoring Rules'!$B$31,0)+IF(R63="是",'Scoring Rules'!$B$32,0)+IF(S63>=8000,'Scoring Rules'!$B$35,IF(S63>=4000,'Scoring Rules'!$B$36,IF(S63>=2000,'Scoring Rules'!$B$37,'Scoring Rules'!$B$38)))) | F63: Standard | G63: Associate | H63: 8 | I63: 1 | J63: 16 | L63: 是 | Q63: 是 | S63: 3178 | T63: Frontend; Backend/API; Data/Database; Embedded/Systems | U63: Finance/Banking; Technology; Education/Research | V63: C:\Workspace\java\scrape_indeed\soft_dav_part_1\15.html#21339
A64: =IF(COUNTIF('Sample 20'!$B$2:$B$21,B64)>0,"是","") | B64: 21073 | C64: SOFTWARE DEVELOPER | D64: =IF(E64>='Scoring Rules'!$B$3,"强",IF(E64>='Scoring Rules'!$B$4,"中","弱")) | E64: =MIN(100,H64+IF(I64>=5,'Scoring Rules'!$B$16,IF(I64>=3,'Scoring Rules'!$B$17,IF(I64>=1,'Scoring Rules'!$B$18,'Scoring Rules'!$B$19)))+IF(L64="是",'Scoring Rules'!$B$22,0)+MIN(J64*'Scoring Rules'!$B$23,'Scoring Rules'!$B$24)+IF(M64="是",'Scoring Rules'!$B$25,0)+MIN((IF(K64="",0,LEN(K64)-LEN(SUBSTITUTE(K64,";",""))+1))*'Scoring Rules'!$B$26,'Scoring Rules'!$B$27)+IF(N64="是",'Scoring Rules'!$B$28,0)+IF(O64="是",'Scoring Rules'!$B$29,0)+IF(P64="是",'Scoring Rules'!$B$30,0)+IF(Q64="是",'Scoring Rules'!$B$31,0)+IF(R64="是",'Scoring Rules'!$B$32,0)+IF(S64>=8000,'Scoring Rules'!$B$35,IF(S64>=4000,'Scoring Rules'!$B$36,IF(S64>=2000,'Scoring Rules'!$B$37,'Scoring Rules'!$B$38)))) | F64: Standard | G64: Bachelor | H64: 12 | I64: 2 | J64: 12 | L64: 是 | Q64: 是 | R64: 是 | S64: 1551 | T64: Frontend; Backend/API; Data/Database; Testing/Automation | U64: Technology; Education/Research; Manufacturing/Automotive | V64: C:\Workspace\java\scrape_indeed\soft_dav_part_1\1567.html#21414
A65: =IF(COUNTIF('Sample 20'!$B$2:$B$21,B65)>0,"是","") | B65: 21084 | C65: SOFTWARE DEVELOPER | D65: =IF(E65>='Scoring Rules'!$B$3,"强",IF(E65>='Scoring Rules'!$B$4,"中","弱")) | E65: =MIN(100,H65+IF(I65>=5,'Scoring Rules'!$B$16,IF(I65>=3,'Scoring Rules'!$B$17,IF(I65>=1,'Scoring Rules'!$B$18,'Scoring Rules'!$B$19)))+IF(L65="是",'Scoring Rules'!$B$22,0)+MIN(J65*'Scoring Rules'!$B$23,'Scoring Rules'!$B$24)+IF(M65="是",'Scoring Rules'!$B$25,0)+MIN((IF(K65="",0,LEN(K65)-LEN(SUBSTITUTE(K65,";",""))+1))*'Scoring Rules'!$B$26,'Scoring Rules'!$B$27)+IF(N65="是",'Scoring Rules'!$B$28,0)+IF(O65="是",'Scoring Rules'!$B$29,0)+IF(P65="是",'Scoring Rules'!$B$30,0)+IF(Q65="是",'Scoring Rules'!$B$31,0)+IF(R65="是",'Scoring Rules'!$B$32,0)+IF(S65>=8000,'Scoring Rules'!$B$35,IF(S65>=4000,'Scoring Rules'!$B$36,IF(S65>=2000,'Scoring Rules'!$B$37,'Scoring Rules'!$B$38)))) | F65: Standard | G65: Unspecified | H65: 2 | I65: 3 | J65: 13 | L65: 是 | P65: 是 | Q65: 是 | R65: 是 | S65: 1433 | T65: Frontend; Backend/API; Data/Database; Cloud/DevOps | U65: Technology; Education/Research; Retail/E-commerce | V65: C:\Workspace\java\scrape_indeed\soft_dav_part_1\1578.html#21426
A66: =IF(COUNTIF('Sample 20'!$B$2:$B$21,B66)>0,"是","") | B66: 21086 | C66: Software Developer | D66: =IF(E66>='Scoring Rules'!$B$3,"强",IF(E66>='Scoring Rules'!$B$4,"中","弱")) | E66: =MIN(100,H66+IF(I66>=5,'Scoring Rules'!$B$16,IF(I66>=3,'Scoring Rules'!$B$17,IF(I66>=1,'Scoring Rules'!$B$18,'Scoring Rules'!$B$19)))+IF(L66="是",'Scoring Rules'!$B$22,0)+MIN(J66*'Scoring Rules'!$B$23,'Scoring Rules'!$B$24)+IF(M66="是",'Scoring Rules'!$B$25,0)+MIN((IF(K66="",0,LEN(K66)-LEN(SUBSTITUTE(K66,";",""))+1))*'Scoring Rules'!$B$26,'Scoring Rules'!$B$27)+IF(N66="是",'Scoring Rules'!$B$28,0)+IF(O66="是",'Scoring Rules'!$B$29,0)+IF(P66="是",'Scoring Rules'!$B$30,0)+IF(Q66="是",'Scoring Rules'!$B$31,0)+IF(R66="是",'Scoring Rules'!$B$32,0)+IF(S66>=8000,'Scoring Rules'!$B$35,IF(S66>=4000,'Scoring Rules'!$B$36,IF(S66>=2000,'Scoring Rules'!$B$37,'Scoring Rules'!$B$38)))) | F66: Standard | G66: Bachelor | H66: 12 | I66: 3 | J66: 18 | L66: 是 | Q66: 是 | S66: 3183 | T66: Frontend; Backend/API; Data/Database; Testing/Automation | U66: Technology; Education/Research | V66: C:\Workspace\java\scrape_indeed\soft_dav_part_1\158.html#21428
A67: =IF(COUNTIF('Sample 20'!$B$2:$B$21,B67)>0,"是","") | B67: 21098 | C67: Software Developer | D67: =IF(E67>='Scoring Rules'!$B$3,"强",IF(E67>='Scoring Rules'!$B$4,"中","弱")) | E67: =MIN(100,H67+IF(I67>=5,'Scoring Rules'!$B$16,IF(I67>=3,'Scoring Rules'!$B$17,IF(I67>=1,'Scoring Rules'!$B$18,'Scoring Rules'!$B$19)))+IF(L67="是",'Scoring Rules'!$B$22,0)+MIN(J67*'Scoring Rules'!$B$23,'Scoring Rules'!$B$24)+IF(M67="是",'Scoring Rules'!$B$25,0)+MIN((IF(K67="",0,LEN(K67)-LEN(SUBSTITUTE(K67,";",""))+1))*'Scoring Rules'!$B$26,'Scoring Rules'!$B$27)+IF(N67="是",'Scoring Rules'!$B$28,0)+IF(O67="是",'Scoring Rules'!$B$29,0)+IF(P67="是",'Scoring Rules'!$B$30,0)+IF(Q67="是",'Scoring Rules'!$B$31,0)+IF(R67="是",'Scoring Rules'!$B$32,0)+IF(S67>=8000,'Scoring Rules'!$B$35,IF(S67>=4000,'Scoring Rules'!$B$36,IF(S67>=2000,'Scoring Rules'!$B$37,'Scoring Rules'!$B$38)))) | F67: Standard | G67: Bachelor | H67: 12 | I67: 2 | J67: 11 | L67: 是 | P67: 是 | Q67: 是 | R67: 是 | S67: 2354 | T67: Frontend; Backend/API; Data/Database | U67: Technology; Consulting; Education/Research | V67: C:\Workspace\java\scrape_indeed\soft_dav_part_1\1590.html#21440
A68: =IF(COUNTIF('Sample 20'!$B$2:$B$21,B68)>0,"是","") | B68: 21108 | C68: Software Developer | D68: =IF(E68>='Scoring Rules'!$B$3,"强",IF(E68>='Scoring Rules'!$B$4,"中","弱")) | E68: =MIN(100,H68+IF(I68>=5,'Scoring Rules'!$B$16,IF(I68>=3,'Scoring Rules'!$B$17,IF(I68>=1,'Scoring Rules'!$B$18,'Scoring Rules'!$B$19)))+IF(L68="是",'Scoring Rules'!$B$22,0)+MIN(J68*'Scoring Rules'!$B$23,'Scoring Rules'!$B$24)+IF(M68="是",'Scoring Rules'!$B$25,0)+MIN((IF(K68="",0,LEN(K68)-LEN(SUBSTITUTE(K68,";",""))+1))*'Scoring Rules'!$B$26,'Scoring Rules'!$B$27)+IF(N68="是",'Scoring Rules'!$B$28,0)+IF(O68="是",'Scoring Rules'!$B$29,0)+IF(P68="是",'Scoring Rules'!$B$30,0)+IF(Q68="是",'Scoring Rules'!$B$31,0)+IF(R68="是",'Scoring Rules'!$B$32,0)+IF(S68>=8000,'Scoring Rules'!$B$35,IF(S68>=4000,'Scoring Rules'!$B$36,IF(S68>=2000,'Scoring Rules'!$B$37,'Scoring Rules'!$B$38)))) | F68: Standard | G68: High School | H68: 5 | I68: 1 | J68: 5 | Q68: 是 | S68: 4509 | T68: Backend/API; Data/Database | U68: Technology; Education/Research | V68: C:\Workspace\java\scrape_indeed\soft_dav_part_1\16.html#21450
A69: =IF(COUNTIF('Sample 20'!$B$2:$B$21,B69)>0,"是","") | B69: 21131 | C69: Software Developer | D69: =IF(E69>='Scoring Rules'!$B$3,"强",IF(E69>='Scoring Rules'!$B$4,"中","弱")) | E69: =MIN(100,H69+IF(I69>=5,'Scoring Rules'!$B$16,IF(I69>=3,'Scoring Rules'!$B$17,IF(I69>=1,'Scoring Rules'!$B$18,'Scoring Rules'!$B$19)))+IF(L69="是",'Scoring Rules'!$B$22,0)+MIN(J69*'Scoring Rules'!$B$23,'Scoring Rules'!$B$24)+IF(M69="是",'Scoring Rules'!$B$25,0)+MIN((IF(K69="",0,LEN(K69)-LEN(SUBSTITUTE(K69,";",""))+1))*'Scoring Rules'!$B$26,'Scoring Rules'!$B$27)+IF(N69="是",'Scoring Rules'!$B$28,0)+IF(O69="是",'Scoring Rules'!$B$29,0)+IF(P69="是",'Scoring Rules'!$B$30,0)+IF(Q69="是",'Scoring Rules'!$B$31,0)+IF(R69="是",'Scoring Rules'!$B$32,0)+IF(S69>=8000,'Scoring Rules'!$B$35,IF(S69>=4000,'Scoring Rules'!$B$36,IF(S69>=2000,'Scoring Rules'!$B$37,'Scoring Rules'!$B$38)))) | F69: Standard | G69: Master | H69: 16 | I69: 4 | J69: 28 | K69: AWS | L69: 是 | P69: 是 | R69: 是 | S69: 6480 | T69: Frontend; Backend/API; Mobile; Data/Database; Cloud/DevOps; Testing/Automation | U69: Finance/Banking; Technology; Education/Research | V69: C:\Workspace\java\scrape_indeed\soft_dav_part_1\162.html#21473
A70: =IF(COUNTIF('Sample 20'!$B$2:$B$21,B70)>0,"是","") | B70: 21147 | C70: Software Developer | D70: =IF(E70>='Scoring Rules'!$B$3,"强",IF(E70>='Scoring Rules'!$B$4,"中","弱")) | E70: =MIN(100,H70+IF(I70>=5,'Scoring Rules'!$B$16,IF(I70>=3,'Scoring Rules'!$B$17,IF(I70>=1,'Scoring Rules'!$B$18,'Scoring Rules'!$B$19)))+IF(L70="是",'Scoring Rules'!$B$22,0)+MIN(J70*'Scoring Rules'!$B$23,'Scoring Rules'!$B$24)+IF(M70="是",'Scoring Rules'!$B$25,0)+MIN((IF(K70="",0,LEN(K70)-LEN(SUBSTITUTE(K70,";",""))+1))*'Scoring Rules'!$B$26,'Scoring Rules'!$B$27)+IF(N70="是",'Scoring Rules'!$B$28,0)+IF(O70="是",'Scoring Rules'!$B$29,0)+IF(P70="是",'Scoring Rules'!$B$30,0)+IF(Q70="是",'Scoring Rules'!$B$31,0)+IF(R70="是",'Scoring Rules'!$B$32,0)+IF(S70>=8000,'Scoring Rules'!$B$35,IF(S70>=4000,'Scoring Rules'!$B$36,IF(S70>=2000,'Scoring Rules'!$B$37,'Scoring Rules'!$B$38)))) | F70: Standard | G70: Bachelor | H70: 12 | I70: 3 | J70: 7 | L70: 是 | R70: 是 | S70: 2917 | T70: Frontend; Backend/API; Data/Database; Testing/Automation | U70: Finance/Banking; Healthcare; Technology; Education/Research | V70: C:\Workspace\java\scrape_indeed\soft_dav_part_1\1634.html#21489
A71: =IF(COUNTIF('Sample 20'!$B$2:$B$21,B71)>0,"是","") | B71: 21156 | C71: Software Developer | D71: =IF(E71>='Scoring Rules'!$B$3,"强",IF(E71>='Scoring Rules'!$B$4,"中","弱")) | E71: =MIN(100,H71+IF(I71>=5,'Scoring Rules'!$B$16,IF(I71>=3,'Scoring Rules'!$B$17,IF(I71>=1,'Scoring Rules'!$B$18,'Scoring Rules'!$B$19)))+IF(L71="是",'Scoring Rules'!$B$22,0)+MIN(J71*'Scoring Rules'!$B$23,'Scoring Rules'!$B$24)+IF(M71="是",'Scoring Rules'!$B$25,0)+MIN((IF(K71="",0,LEN(K71)-LEN(SUBSTITUTE(K71,";",""))+1))*'Scoring Rules'!$B$26,'Scoring Rules'!$B$27)+IF(N71="是",'Scoring Rules'!$B$28,0)+IF(O71="是",'Scoring Rules'!$B$29,0)+IF(P71="是",'Scoring Rules'!$B$30,0)+IF(Q71="是",'Scoring Rules'!$B$31,0)+IF(R71="是",'Scoring Rules'!$B$32,0)+IF(S71>=8000,'Scoring Rules'!$B$35,IF(S71>=4000,'Scoring Rules'!$B$36,IF(S71>=2000,'Scoring Rules'!$B$37,'Scoring Rules'!$B$38)))) | F71: Standard | G71: Bachelor | H71: 12 | I71: 3 | J71: 7 | L71: 是 | M71: 是 | R71: 是 | S71: 1529 | T71: Backend/API; Data/Database | U71: Technology; Education/Research; Manufacturing/Automotive | V71: C:\Workspace\java\scrape_indeed\soft_dav_part_1\1642.html#21498
A72: =IF(COUNTIF('Sample 20'!$B$2:$B$21,B72)>0,"是","") | B72: 21157 | C72: Software Developer | D72: =IF(E72>='Scoring Rules'!$B$3,"强",IF(E72>='Scoring Rules'!$B$4,"中","弱")) | E72: =MIN(100,H72+IF(I72>=5,'Scoring Rules'!$B$16,IF(I72>=3,'Scoring Rules'!$B$17,IF(I72>=1,'Scoring Rules'!$B$18,'Scoring Rules'!$B$19)))+IF(L72="是",'Scoring Rules'!$B$22,0)+MIN(J72*'Scoring Rules'!$B$23,'Scoring Rules'!$B$24)+IF(M72="是",'Scoring Rules'!$B$25,0)+MIN((IF(K72="",0,LEN(K72)-LEN(SUBSTITUTE(K72,";",""))+1))*'Scoring Rules'!$B$26,'Scoring Rules'!$B$27)+IF(N72="是",'Scoring Rules'!$B$28,0)+IF(O72="是",'Scoring Rules'!$B$29,0)+IF(P72="是",'Scoring Rules'!$B$30,0)+IF(Q72="是",'Scoring Rules'!$B$31,0)+IF(R72="是",'Scoring Rules'!$B$32,0)+IF(S72>=8000,'Scoring Rules'!$B$35,IF(S72>=4000,'Scoring Rules'!$B$36,IF(S72>=2000,'Scoring Rules'!$B$37,'Scoring Rules'!$B$38)))) | F72: Standard | G72: Unspecified | H72: 2 | I72: 7 | J72: 19 | L72: 是 | R72: 是 | S72: 6369 | T72: Frontend; Backend/API; Mobile; Data/Database; Cloud/DevOps | U72: Technology; Education/Research | V72: C:\Workspace\java\scrape_indeed\soft_dav_part_1\1643.html#21499
A73: =IF(COUNTIF('Sample 20'!$B$2:$B$21,B73)>0,"是","") | B73: 21160 | C73: Software Developer | D73: =IF(E73>='Scoring Rules'!$B$3,"强",IF(E73>='Scoring Rules'!$B$4,"中","弱")) | E73: =MIN(100,H73+IF(I73>=5,'Scoring Rules'!$B$16,IF(I73>=3,'Scoring Rules'!$B$17,IF(I73>=1,'Scoring Rules'!$B$18,'Scoring Rules'!$B$19)))+IF(L73="是",'Scoring Rules'!$B$22,0)+MIN(J73*'Scoring Rules'!$B$23,'Scoring Rules'!$B$24)+IF(M73="是",'Scoring Rules'!$B$25,0)+MIN((IF(K73="",0,LEN(K73)-LEN(SUBSTITUTE(K73,";",""))+1))*'Scoring Rules'!$B$26,'Scoring Rules'!$B$27)+IF(N73="是",'Scoring Rules'!$B$28,0)+IF(O73="是",'Scoring Rules'!$B$29,0)+IF(P73="是",'Scoring Rules'!$B$30,0)+IF(Q73="是",'Scoring Rules'!$B$31,0)+IF(R73="是",'Scoring Rules'!$B$32,0)+IF(S73>=8000,'Scoring Rules'!$B$35,IF(S73>=4000,'Scoring Rules'!$B$36,IF(S73>=2000,'Scoring Rules'!$B$37,'Scoring Rules'!$B$38)))) | F73: Standard | G73: Bachelor | H73: 12 | I73: 4 | J73: 20 | L73: 是 | M73: 是 | P73: 是 | Q73: 是 | S73: 2080 | T73: Frontend; Backend/API; Mobile; Data/Database; Cloud/DevOps | U73: Government/Defense; Technology; Education/Research | V73: C:\Workspace\java\scrape_indeed\soft_dav_part_1\1646.html#21502
A74: =IF(COUNTIF('Sample 20'!$B$2:$B$21,B74)>0,"是","") | B74: 21163 | C74: Software Developer | D74: =IF(E74>='Scoring Rules'!$B$3,"强",IF(E74>='Scoring Rules'!$B$4,"中","弱")) | E74: =MIN(100,H74+IF(I74>=5,'Scoring Rules'!$B$16,IF(I74>=3,'Scoring Rules'!$B$17,IF(I74>=1,'Scoring Rules'!$B$18,'Scoring Rules'!$B$19)))+IF(L74="是",'Scoring Rules'!$B$22,0)+MIN(J74*'Scoring Rules'!$B$23,'Scoring Rules'!$B$24)+IF(M74="是",'Scoring Rules'!$B$25,0)+MIN((IF(K74="",0,LEN(K74)-LEN(SUBSTITUTE(K74,";",""))+1))*'Scoring Rules'!$B$26,'Scoring Rules'!$B$27)+IF(N74="是",'Scoring Rules'!$B$28,0)+IF(O74="是",'Scoring Rules'!$B$29,0)+IF(P74="是",'Scoring Rules'!$B$30,0)+IF(Q74="是",'Scoring Rules'!$B$31,0)+IF(R74="是",'Scoring Rules'!$B$32,0)+IF(S74>=8000,'Scoring Rules'!$B$35,IF(S74>=4000,'Scoring Rules'!$B$36,IF(S74>=2000,'Scoring Rules'!$B$37,'Scoring Rules'!$B$38)))) | F74: Standard | G74: Unspecified | H74: 2 | I74: 3 | J74: 17 | L74: 是 | Q74: 是 | S74: 1934 | T74: Frontend; Backend/API; Data/Database | U74: Technology; Education/Research | V74: C:\Workspace\java\scrape_indeed\soft_dav_part_1\1649.html#21505
A75: =IF(COUNTIF('Sample 20'!$B$2:$B$21,B75)>0,"是","") | B75: 21165 | C75: Software Developer | D75: =IF(E75>='Scoring Rules'!$B$3,"强",IF(E75>='Scoring Rules'!$B$4,"中","弱")) | E75: =MIN(100,H75+IF(I75>=5,'Scoring Rules'!$B$16,IF(I75>=3,'Scoring Rules'!$B$17,IF(I75>=1,'Scoring Rules'!$B$18,'Scoring Rules'!$B$19)))+IF(L75="是",'Scoring Rules'!$B$22,0)+MIN(J75*'Scoring Rules'!$B$23,'Scoring Rules'!$B$24)+IF(M75="是",'Scoring Rules'!$B$25,0)+MIN((IF(K75="",0,LEN(K75)-LEN(SUBSTITUTE(K75,";",""))+1))*'Scoring Rules'!$B$26,'Scoring Rules'!$B$27)+IF(N75="是",'Scoring Rules'!$B$28,0)+IF(O75="是",'Scoring Rules'!$B$29,0)+IF(P75="是",'Scoring Rules'!$B$30,0)+IF(Q75="是",'Scoring Rules'!$B$31,0)+IF(R75="是",'Scoring Rules'!$B$32,0)+IF(S75>=8000,'Scoring Rules'!$B$35,IF(S75>=4000,'Scoring Rules'!$B$36,IF(S75>=2000,'Scoring Rules'!$B$37,'Scoring Rules'!$B$38)))) | F75: Standard | G75: High School | H75: 5 | I75: 3 | J75: 26 | L75: 是 | P75: 是 | Q75: 是 | R75: 是 | S75: 2412 | T75: Frontend; Backend/API; Mobile; Data/Database; Cloud/DevOps | U75: Technology | V75: C:\Workspace\java\scrape_indeed\soft_dav_part_1\1650.html#21507
A76: =IF(COUNTIF('Sample 20'!$B$2:$B$21,B76)>0,"是","") | B76: 21169 | C76: Software Developer | D76: =IF(E76>='Scoring Rules'!$B$3,"强",IF(E76>='Scoring Rules'!$B$4,"中","弱")) | E76: =MIN(100,H76+IF(I76>=5,'Scoring Rules'!$B$16,IF(I76>=3,'Scoring Rules'!$B$17,IF(I76>=1,'Scoring Rules'!$B$18,'Scoring Rules'!$B$19)))+IF(L76="是",'Scoring Rules'!$B$22,0)+MIN(J76*'Scoring Rules'!$B$23,'Scoring Rules'!$B$24)+IF(M76="是",'Scoring Rules'!$B$25,0)+MIN((IF(K76="",0,LEN(K76)-LEN(SUBSTITUTE(K76,";",""))+1))*'Scoring Rules'!$B$26,'Scoring Rules'!$B$27)+IF(N76="是",'Scoring Rules'!$B$28,0)+IF(O76="是",'Scoring Rules'!$B$29,0)+IF(P76="是",'Scoring Rules'!$B$30,0)+IF(Q76="是",'Scoring Rules'!$B$31,0)+IF(R76="是",'Scoring Rules'!$B$32,0)+IF(S76>=8000,'Scoring Rules'!$B$35,IF(S76>=4000,'Scoring Rules'!$B$36,IF(S76>=2000,'Scoring Rules'!$B$37,'Scoring Rules'!$B$38)))) | F76: Standard | G76: Master | H76: 16 | I76: 2 | J76: 16 | L76: 是 | S76: 1914 | T76: Frontend; Backend/API; Data/Database; Cloud/DevOps | U76: Technology; Education/Research | V76: C:\Workspace\java\scrape_indeed\soft_dav_part_1\1654.html#21511
A77: =IF(COUNTIF('Sample 20'!$B$2:$B$21,B77)>0,"是","") | B77: 21170 | C77: Software Developer | D77: =IF(E77>='Scoring Rules'!$B$3,"强",IF(E77>='Scoring Rules'!$B$4,"中","弱")) | E77: =MIN(100,H77+IF(I77>=5,'Scoring Rules'!$B$16,IF(I77>=3,'Scoring Rules'!$B$17,IF(I77>=1,'Scoring Rules'!$B$18,'Scoring Rules'!$B$19)))+IF(L77="是",'Scoring Rules'!$B$22,0)+MIN(J77*'Scoring Rules'!$B$23,'Scoring Rules'!$B$24)+IF(M77="是",'Scoring Rules'!$B$25,0)+MIN((IF(K77="",0,LEN(K77)-LEN(SUBSTITUTE(K77,";",""))+1))*'Scoring Rules'!$B$26,'Scoring Rules'!$B$27)+IF(N77="是",'Scoring Rules'!$B$28,0)+IF(O77="是",'Scoring Rules'!$B$29,0)+IF(P77="是",'Scoring Rules'!$B$30,0)+IF(Q77="是",'Scoring Rules'!$B$31,0)+IF(R77="是",'Scoring Rules'!$B$32,0)+IF(S77>=8000,'Scoring Rules'!$B$35,IF(S77>=4000,'Scoring Rules'!$B$36,IF(S77>=2000,'Scoring Rules'!$B$37,'Scoring Rules'!$B$38)))) | F77: Standard | G77: Unspecified | H77: 0 | I77: 3 | J77: 11 | O77: 是 | R77: 是 | S77: 7263 | T77: Frontend; Backend/API; Data/Database | U77: Technology | V77: C:\Workspace\java\scrape_indeed\soft_dav_part_1\1655.html#21512
A78: =IF(COUNTIF('Sample 20'!$B$2:$B$21,B78)>0,"是","") | B78: 21171 | C78: Software Developer | D78: =IF(E78>='Scoring Rules'!$B$3,"强",IF(E78>='Scoring Rules'!$B$4,"中","弱")) | E78: =MIN(100,H78+IF(I78>=5,'Scoring Rules'!$B$16,IF(I78>=3,'Scoring Rules'!$B$17,IF(I78>=1,'Scoring Rules'!$B$18,'Scoring Rules'!$B$19)))+IF(L78="是",'Scoring Rules'!$B$22,0)+MIN(J78*'Scoring Rules'!$B$23,'Scoring Rules'!$B$24)+IF(M78="是",'Scoring Rules'!$B$25,0)+MIN((IF(K78="",0,LEN(K78)-LEN(SUBSTITUTE(K78,";",""))+1))*'Scoring Rules'!$B$26,'Scoring Rules'!$B$27)+IF(N78="是",'Scoring Rules'!$B$28,0)+IF(O78="是",'Scoring Rules'!$B$29,0)+IF(P78="是",'Scoring Rules'!$B$30,0)+IF(Q78="是",'Scoring Rules'!$B$31,0)+IF(R78="是",'Scoring Rules'!$B$32,0)+IF(S78>=8000,'Scoring Rules'!$B$35,IF(S78>=4000,'Scoring Rules'!$B$36,IF(S78>=2000,'Scoring Rules'!$B$37,'Scoring Rules'!$B$38)))) | F78: Standard | G78: Master | H78: 16 | I78: 4 | J78: 17 | L78: 是 | Q78: 是 | R78: 是 | S78: 7137 | T78: Frontend; Backend/API; Data/Database; Testing/Automation | U78: Healthcare; Technology; Education/Research | V78: C:\Workspace\java\scrape_indeed\soft_dav_part_1\1656.html#21513
A79: =IF(COUNTIF('Sample 20'!$B$2:$B$21,B79)>0,"是","") | B79: 21190 | C79: Software Developer | D79: =IF(E79>='Scoring Rules'!$B$3,"强",IF(E79>='Scoring Rules'!$B$4,"中","弱")) | E79: =MIN(100,H79+IF(I79>=5,'Scoring Rules'!$B$16,IF(I79>=3,'Scoring Rules'!$B$17,IF(I79>=1,'Scoring Rules'!$B$18,'Scoring Rules'!$B$19)))+IF(L79="是",'Scoring Rules'!$B$22,0)+MIN(J79*'Scoring Rules'!$B$23,'Scoring Rules'!$B$24)+IF(M79="是",'Scoring Rules'!$B$25,0)+MIN((IF(K79="",0,LEN(K79)-LEN(SUBSTITUTE(K79,";",""))+1))*'Scoring Rules'!$B$26,'Scoring Rules'!$B$27)+IF(N79="是",'Scoring Rules'!$B$28,0)+IF(O79="是",'Scoring Rules'!$B$29,0)+IF(P79="是",'Scoring Rules'!$B$30,0)+IF(Q79="是",'Scoring Rules'!$B$31,0)+IF(R79="是",'Scoring Rules'!$B$32,0)+IF(S79>=8000,'Scoring Rules'!$B$35,IF(S79>=4000,'Scoring Rules'!$B$36,IF(S79>=2000,'Scoring Rules'!$B$37,'Scoring Rules'!$B$38)))) | F79: Standard | G79: Master | H79: 16 | I79: 2 | J79: 14 | L79: 是 | N79: 是 | P79: 是 | R79: 是 | S79: 3144 | T79: Frontend; Backend/API; Mobile; Data/Database | U79: Healthcare; Technology; Education/Research; Manufacturing/Automotive | V79: C:\Workspace\java\scrape_indeed\soft_dav_part_1\1673.html#21532
A80: =IF(COUNTIF('Sample 20'!$B$2:$B$21,B80)>0,"是","") | B80: 21192 | C80: Software Developer | D80: =IF(E80>='Scoring Rules'!$B$3,"强",IF(E80>='Scoring Rules'!$B$4,"中","弱")) | E80: =MIN(100,H80+IF(I80>=5,'Scoring Rules'!$B$16,IF(I80>=3,'Scoring Rules'!$B$17,IF(I80>=1,'Scoring Rules'!$B$18,'Scoring Rules'!$B$19)))+IF(L80="是",'Scoring Rules'!$B$22,0)+MIN(J80*'Scoring Rules'!$B$23,'Scoring Rules'!$B$24)+IF(M80="是",'Scoring Rules'!$B$25,0)+MIN((IF(K80="",0,LEN(K80)-LEN(SUBSTITUTE(K80,";",""))+1))*'Scoring Rules'!$B$26,'Scoring Rules'!$B$27)+IF(N80="是",'Scoring Rules'!$B$28,0)+IF(O80="是",'Scoring Rules'!$B$29,0)+IF(P80="是",'Scoring Rules'!$B$30,0)+IF(Q80="是",'Scoring Rules'!$B$31,0)+IF(R80="是",'Scoring Rules'!$B$32,0)+IF(S80>=8000,'Scoring Rules'!$B$35,IF(S80>=4000,'Scoring Rules'!$B$36,IF(S80>=2000,'Scoring Rules'!$B$37,'Scoring Rules'!$B$38)))) | F80: Standard | G80: High School | H80: 5 | I80: 4 | J80: 16 | L80: 是 | P80: 是 | Q80: 是 | R80: 是 | S80: 2218 | T80: Frontend; Backend/API; Mobile; Data/Database; Embedded/Systems | U80: Technology | V80: C:\Workspace\java\scrape_indeed\soft_dav_part_1\1675.html#21534
A81: =IF(COUNTIF('Sample 20'!$B$2:$B$21,B81)>0,"是","") | B81: 21196 | C81: Software Developer | D81: =IF(E81>='Scoring Rules'!$B$3,"强",IF(E81>='Scoring Rules'!$B$4,"中","弱")) | E81: =MIN(100,H81+IF(I81>=5,'Scoring Rules'!$B$16,IF(I81>=3,'Scoring Rules'!$B$17,IF(I81>=1,'Scoring Rules'!$B$18,'Scoring Rules'!$B$19)))+IF(L81="是",'Scoring Rules'!$B$22,0)+MIN(J81*'Scoring Rules'!$B$23,'Scoring Rules'!$B$24)+IF(M81="是",'Scoring Rules'!$B$25,0)+MIN((IF(K81="",0,LEN(K81)-LEN(SUBSTITUTE(K81,";",""))+1))*'Scoring Rules'!$B$26,'Scoring Rules'!$B$27)+IF(N81="是",'Scoring Rules'!$B$28,0)+IF(O81="是",'Scoring Rules'!$B$29,0)+IF(P81="是",'Scoring Rules'!$B$30,0)+IF(Q81="是",'Scoring Rules'!$B$31,0)+IF(R81="是",'Scoring Rules'!$B$32,0)+IF(S81>=8000,'Scoring Rules'!$B$35,IF(S81>=4000,'Scoring Rules'!$B$36,IF(S81>=2000,'Scoring Rules'!$B$37,'Scoring Rules'!$B$38)))) | F81: Standard | G81: Bachelor | H81: 12 | I81: 2 | J81: 10 | L81: 是 | P81: 是 | Q81: 是 | R81: 是 | S81: 1723 | T81: Frontend; Backend/API; Data/Database | U81: Technology; Education/Research | V81: C:\Workspace\java\scrape_indeed\soft_dav_part_1\1679.html#21538
A82: =IF(COUNTIF('Sample 20'!$B$2:$B$21,B82)>0,"是","") | B82: 21203 | C82: Software Developer | D82: =IF(E82>='Scoring Rules'!$B$3,"强",IF(E82>='Scoring Rules'!$B$4,"中","弱")) | E82: =MIN(100,H82+IF(I82>=5,'Scoring Rules'!$B$16,IF(I82>=3,'Scoring Rules'!$B$17,IF(I82>=1,'Scoring Rules'!$B$18,'Scoring Rules'!$B$19)))+IF(L82="是",'Scoring Rules'!$B$22,0)+MIN(J82*'Scoring Rules'!$B$23,'Scoring Rules'!$B$24)+IF(M82="是",'Scoring Rules'!$B$25,0)+MIN((IF(K82="",0,LEN(K82)-LEN(SUBSTITUTE(K82,";",""))+1))*'Scoring Rules'!$B$26,'Scoring Rules'!$B$27)+IF(N82="是",'Scoring Rules'!$B$28,0)+IF(O82="是",'Scoring Rules'!$B$29,0)+IF(P82="是",'Scoring Rules'!$B$30,0)+IF(Q82="是",'Scoring Rules'!$B$31,0)+IF(R82="是",'Scoring Rules'!$B$32,0)+IF(S82>=8000,'Scoring Rules'!$B$35,IF(S82>=4000,'Scoring Rules'!$B$36,IF(S82>=2000,'Scoring Rules'!$B$37,'Scoring Rules'!$B$38)))) | F82: Standard | G82: Unspecified | H82: 2 | I82: 2 | J82: 17 | L82: 是 | R82: 是 | S82: 3212 | T82: Frontend; Backend/API; Data/Database; Cloud/DevOps; Testing/Automation | U82: Finance/Banking; Technology; Education/Research | V82: C:\Workspace\java\scrape_indeed\soft_dav_part_1\1685.html#21545
A83: =IF(COUNTIF('Sample 20'!$B$2:$B$21,B83)>0,"是","") | B83: 21208 | C83: Software Developer | D83: =IF(E83>='Scoring Rules'!$B$3,"强",IF(E83>='Scoring Rules'!$B$4,"中","弱")) | E83: =MIN(100,H83+IF(I83>=5,'Scoring Rules'!$B$16,IF(I83>=3,'Scoring Rules'!$B$17,IF(I83>=1,'Scoring Rules'!$B$18,'Scoring Rules'!$B$19)))+IF(L83="是",'Scoring Rules'!$B$22,0)+MIN(J83*'Scoring Rules'!$B$23,'Scoring Rules'!$B$24)+IF(M83="是",'Scoring Rules'!$B$25,0)+MIN((IF(K83="",0,LEN(K83)-LEN(SUBSTITUTE(K83,";",""))+1))*'Scoring Rules'!$B$26,'Scoring Rules'!$B$27)+IF(N83="是",'Scoring Rules'!$B$28,0)+IF(O83="是",'Scoring Rules'!$B$29,0)+IF(P83="是",'Scoring Rules'!$B$30,0)+IF(Q83="是",'Scoring Rules'!$B$31,0)+IF(R83="是",'Scoring Rules'!$B$32,0)+IF(S83>=8000,'Scoring Rules'!$B$35,IF(S83>=4000,'Scoring Rules'!$B$36,IF(S83>=2000,'Scoring Rules'!$B$37,'Scoring Rules'!$B$38)))) | F83: Standard | G83: Unspecified | H83: 0 | I83: 2 | J83: 12 | R83: 是 | S83: 2913 | T83: Frontend; Backend/API; Data/Database; Cloud/DevOps | U83: Technology; Education/Research | V83: C:\Workspace\java\scrape_indeed\soft_dav_part_1\169.html#21550
A84: =IF(COUNTIF('Sample 20'!$B$2:$B$21,B84)>0,"是","") | B84: 21218 | C84: Software Developer | D84: =IF(E84>='Scoring Rules'!$B$3,"强",IF(E84>='Scoring Rules'!$B$4,"中","弱")) | E84: =MIN(100,H84+IF(I84>=5,'Scoring Rules'!$B$16,IF(I84>=3,'Scoring Rules'!$B$17,IF(I84>=1,'Scoring Rules'!$B$18,'Scoring Rules'!$B$19)))+IF(L84="是",'Scoring Rules'!$B$22,0)+MIN(J84*'Scoring Rules'!$B$23,'Scoring Rules'!$B$24)+IF(M84="是",'Scoring Rules'!$B$25,0)+MIN((IF(K84="",0,LEN(K84)-LEN(SUBSTITUTE(K84,";",""))+1))*'Scoring Rules'!$B$26,'Scoring Rules'!$B$27)+IF(N84="是",'Scoring Rules'!$B$28,0)+IF(O84="是",'Scoring Rules'!$B$29,0)+IF(P84="是",'Scoring Rules'!$B$30,0)+IF(Q84="是",'Scoring Rules'!$B$31,0)+IF(R84="是",'Scoring Rules'!$B$32,0)+IF(S84>=8000,'Scoring Rules'!$B$35,IF(S84>=4000,'Scoring Rules'!$B$36,IF(S84>=2000,'Scoring Rules'!$B$37,'Scoring Rules'!$B$38)))) | F84: Standard | G84: Unspecified | H84: 2 | I84: 1 | J84: 13 | Q84: 是 | S84: 1687 | T84: Frontend; Backend/API; Data/Database | U84: Government/Defense; Technology; Education/Research | V84: C:\Workspace\java\scrape_indeed\soft_dav_part_1\17.html#21561
A85: =IF(COUNTIF('Sample 20'!$B$2:$B$21,B85)>0,"是","") | B85: 21248 | C85: Software Developer | D85: =IF(E85>='Scoring Rules'!$B$3,"强",IF(E85>='Scoring Rules'!$B$4,"中","弱")) | E85: =MIN(100,H85+IF(I85>=5,'Scoring Rules'!$B$16,IF(I85>=3,'Scoring Rules'!$B$17,IF(I85>=1,'Scoring Rules'!$B$18,'Scoring Rules'!$B$19)))+IF(L85="是",'Scoring Rules'!$B$22,0)+MIN(J85*'Scoring Rules'!$B$23,'Scoring Rules'!$B$24)+IF(M85="是",'Scoring Rules'!$B$25,0)+MIN((IF(K85="",0,LEN(K85)-LEN(SUBSTITUTE(K85,";",""))+1))*'Scoring Rules'!$B$26,'Scoring Rules'!$B$27)+IF(N85="是",'Scoring Rules'!$B$28,0)+IF(O85="是",'Scoring Rules'!$B$29,0)+IF(P85="是",'Scoring Rules'!$B$30,0)+IF(Q85="是",'Scoring Rules'!$B$31,0)+IF(R85="是",'Scoring Rules'!$B$32,0)+IF(S85>=8000,'Scoring Rules'!$B$35,IF(S85>=4000,'Scoring Rules'!$B$36,IF(S85>=2000,'Scoring Rules'!$B$37,'Scoring Rules'!$B$38)))) | F85: Standard | G85: Bachelor | H85: 12 | I85: 5 | J85: 9 | L85: 是 | R85: 是 | S85: 1646 | T85: Backend/API; Mobile; Cloud/DevOps | U85: Finance/Banking; Technology; Education/Research | V85: C:\Workspace\java\scrape_indeed\soft_dav_part_1\1726.html#21591
A86: =IF(COUNTIF('Sample 20'!$B$2:$B$21,B86)>0,"是","") | B86: 21258 | C86: Software Developer | D86: =IF(E86>='Scoring Rules'!$B$3,"强",IF(E86>='Scoring Rules'!$B$4,"中","弱")) | E86: =MIN(100,H86+IF(I86>=5,'Scoring Rules'!$B$16,IF(I86>=3,'Scoring Rules'!$B$17,IF(I86>=1,'Scoring Rules'!$B$18,'Scoring Rules'!$B$19)))+IF(L86="是",'Scoring Rules'!$B$22,0)+MIN(J86*'Scoring Rules'!$B$23,'Scoring Rules'!$B$24)+IF(M86="是",'Scoring Rules'!$B$25,0)+MIN((IF(K86="",0,LEN(K86)-LEN(SUBSTITUTE(K86,";",""))+1))*'Scoring Rules'!$B$26,'Scoring Rules'!$B$27)+IF(N86="是",'Scoring Rules'!$B$28,0)+IF(O86="是",'Scoring Rules'!$B$29,0)+IF(P86="是",'Scoring Rules'!$B$30,0)+IF(Q86="是",'Scoring Rules'!$B$31,0)+IF(R86="是",'Scoring Rules'!$B$32,0)+IF(S86>=8000,'Scoring Rules'!$B$35,IF(S86>=4000,'Scoring Rules'!$B$36,IF(S86>=2000,'Scoring Rules'!$B$37,'Scoring Rules'!$B$38)))) | F86: Standard | G86: Master | H86: 16 | I86: 2 | J86: 16 | L86: 是 | Q86: 是 | R86: 是 | S86: 9011 | T86: Frontend; Backend/API; Data/Database; Embedded/Systems; Testing/Automation | U86: Finance/Banking; Technology; Education/Research; Retail/E-commerce | V86: C:\Workspace\java\scrape_indeed\soft_dav_part_1\1735.html#21601
A87: =IF(COUNTIF('Sample 20'!$B$2:$B$21,B87)>0,"是","") | B87: 21259 | C87: Software Developer | D87: =IF(E87>='Scoring Rules'!$B$3,"强",IF(E87>='Scoring Rules'!$B$4,"中","弱")) | E87: =MIN(100,H87+IF(I87>=5,'Scoring Rules'!$B$16,IF(I87>=3,'Scoring Rules'!$B$17,IF(I87>=1,'Scoring Rules'!$B$18,'Scoring Rules'!$B$19)))+IF(L87="是",'Scoring Rules'!$B$22,0)+MIN(J87*'Scoring Rules'!$B$23,'Scoring Rules'!$B$24)+IF(M87="是",'Scoring Rules'!$B$25,0)+MIN((IF(K87="",0,LEN(K87)-LEN(SUBSTITUTE(K87,";",""))+1))*'Scoring Rules'!$B$26,'Scoring Rules'!$B$27)+IF(N87="是",'Scoring Rules'!$B$28,0)+IF(O87="是",'Scoring Rules'!$B$29,0)+IF(P87="是",'Scoring Rules'!$B$30,0)+IF(Q87="是",'Scoring Rules'!$B$31,0)+IF(R87="是",'Scoring Rules'!$B$32,0)+IF(S87>=8000,'Scoring Rules'!$B$35,IF(S87>=4000,'Scoring Rules'!$B$36,IF(S87>=2000,'Scoring Rules'!$B$37,'Scoring Rules'!$B$38)))) | F87: Standard | G87: Bachelor | H87: 12 | I87: 4 | J87: 8 | L87: 是 | S87: 3503 | T87: Frontend; Backend/API; Data/Database | U87: Government/Defense; Technology; Education/Research | V87: C:\Workspace\java\scrape_indeed\soft_dav_part_1\1736.html#21602
A88: =IF(COUNTIF('Sample 20'!$B$2:$B$21,B88)>0,"是","") | B88: 21269 | C88: Software Developer | D88: =IF(E88>='Scoring Rules'!$B$3,"强",IF(E88>='Scoring Rules'!$B$4,"中","弱")) | E88: =MIN(100,H88+IF(I88>=5,'Scoring Rules'!$B$16,IF(I88>=3,'Scoring Rules'!$B$17,IF(I88>=1,'Scoring Rules'!$B$18,'Scoring Rules'!$B$19)))+IF(L88="是",'Scoring Rules'!$B$22,0)+MIN(J88*'Scoring Rules'!$B$23,'Scoring Rules'!$B$24)+IF(M88="是",'Scoring Rules'!$B$25,0)+MIN((IF(K88="",0,LEN(K88)-LEN(SUBSTITUTE(K88,";",""))+1))*'Scoring Rules'!$B$26,'Scoring Rules'!$B$27)+IF(N88="是",'Scoring Rules'!$B$28,0)+IF(O88="是",'Scoring Rules'!$B$29,0)+IF(P88="是",'Scoring Rules'!$B$30,0)+IF(Q88="是",'Scoring Rules'!$B$31,0)+IF(R88="是",'Scoring Rules'!$B$32,0)+IF(S88>=8000,'Scoring Rules'!$B$35,IF(S88>=4000,'Scoring Rules'!$B$36,IF(S88>=2000,'Scoring Rules'!$B$37,'Scoring Rules'!$B$38)))) | F88: Standard | G88: Master | H88: 16 | I88: 3 | J88: 25 | L88: 是 | P88: 是 | Q88: 是 | R88: 是 | S88: 4891 | T88: Frontend; Backend/API; Data/Database; Embedded/Systems; Testing/Automation | U88: Technology; Education/Research | V88: C:\Workspace\java\scrape_indeed\soft_dav_part_1\1747.html#21614
A89: =IF(COUNTIF('Sample 20'!$B$2:$B$21,B89)>0,"是","") | B89: 21283 | C89: Software Developer | D89: =IF(E89>='Scoring Rules'!$B$3,"强",IF(E89>='Scoring Rules'!$B$4,"中","弱")) | E89: =MIN(100,H89+IF(I89>=5,'Scoring Rules'!$B$16,IF(I89>=3,'Scoring Rules'!$B$17,IF(I89>=1,'Scoring Rules'!$B$18,'Scoring Rules'!$B$19)))+IF(L89="是",'Scoring Rules'!$B$22,0)+MIN(J89*'Scoring Rules'!$B$23,'Scoring Rules'!$B$24)+IF(M89="是",'Scoring Rules'!$B$25,0)+MIN((IF(K89="",0,LEN(K89)-LEN(SUBSTITUTE(K89,";",""))+1))*'Scoring Rules'!$B$26,'Scoring Rules'!$B$27)+IF(N89="是",'Scoring Rules'!$B$28,0)+IF(O89="是",'Scoring Rules'!$B$29,0)+IF(P89="是",'Scoring Rules'!$B$30,0)+IF(Q89="是",'Scoring Rules'!$B$31,0)+IF(R89="是",'Scoring Rules'!$B$32,0)+IF(S89>=8000,'Scoring Rules'!$B$35,IF(S89>=4000,'Scoring Rules'!$B$36,IF(S89>=2000,'Scoring Rules'!$B$37,'Scoring Rules'!$B$38)))) | F89: Standard | G89: Master | H89: 16 | I89: 5 | J89: 20 | L89: 是 | Q89: 是 | R89: 是 | S89: 5190 | T89: Frontend; Backend/API; Data/Database; Testing/Automation | U89: Technology; Education/Research | V89: C:\Workspace\java\scrape_indeed\soft_dav_part_1\1760.html#21629
A90: =IF(COUNTIF('Sample 20'!$B$2:$B$21,B90)>0,"是","") | B90: 21290 | C90: Software Developer | D90: =IF(E90>='Scoring Rules'!$B$3,"强",IF(E90>='Scoring Rules'!$B$4,"中","弱")) | E90: =MIN(100,H90+IF(I90>=5,'Scoring Rules'!$B$16,IF(I90>=3,'Scoring Rules'!$B$17,IF(I90>=1,'Scoring Rules'!$B$18,'Scoring Rules'!$B$19)))+IF(L90="是",'Scoring Rules'!$B$22,0)+MIN(J90*'Scoring Rules'!$B$23,'Scoring Rules'!$B$24)+IF(M90="是",'Scoring Rules'!$B$25,0)+MIN((IF(K90="",0,LEN(K90)-LEN(SUBSTITUTE(K90,";",""))+1))*'Scoring Rules'!$B$26,'Scoring Rules'!$B$27)+IF(N90="是",'Scoring Rules'!$B$28,0)+IF(O90="是",'Scoring Rules'!$B$29,0)+IF(P90="是",'Scoring Rules'!$B$30,0)+IF(Q90="是",'Scoring Rules'!$B$31,0)+IF(R90="是",'Scoring Rules'!$B$32,0)+IF(S90>=8000,'Scoring Rules'!$B$35,IF(S90>=4000,'Scoring Rules'!$B$36,IF(S90>=2000,'Scoring Rules'!$B$37,'Scoring Rules'!$B$38)))) | F90: Standard | G90: Master | H90: 16 | I90: 2 | J90: 23 | L90: 是 | S90: 4995 | T90: Frontend; Backend/API; Data/Database; Cloud/DevOps; Embedded/Systems; Testing/Automation | U90: Finance/Banking; Technology; Telecom; Education/Research | V90: C:\Workspace\java\scrape_indeed\soft_dav_part_1\1767.html#21636
A91: =IF(COUNTIF('Sample 20'!$B$2:$B$21,B91)>0,"是","") | B91: 21309 | C91: Software Developer | D91: =IF(E91>='Scoring Rules'!$B$3,"强",IF(E91>='Scoring Rules'!$B$4,"中","弱")) | E91: =MIN(100,H91+IF(I91>=5,'Scoring Rules'!$B$16,IF(I91>=3,'Scoring Rules'!$B$17,IF(I91>=1,'Scoring Rules'!$B$18,'Scoring Rules'!$B$19)))+IF(L91="是",'Scoring Rules'!$B$22,0)+MIN(J91*'Scoring Rules'!$B$23,'Scoring Rules'!$B$24)+IF(M91="是",'Scoring Rules'!$B$25,0)+MIN((IF(K91="",0,LEN(K91)-LEN(SUBSTITUTE(K91,";",""))+1))*'Scoring Rules'!$B$26,'Scoring Rules'!$B$27)+IF(N91="是",'Scoring Rules'!$B$28,0)+IF(O91="是",'Scoring Rules'!$B$29,0)+IF(P91="是",'Scoring Rules'!$B$30,0)+IF(Q91="是",'Scoring Rules'!$B$31,0)+IF(R91="是",'Scoring Rules'!$B$32,0)+IF(S91>=8000,'Scoring Rules'!$B$35,IF(S91>=4000,'Scoring Rules'!$B$36,IF(S91>=2000,'Scoring Rules'!$B$37,'Scoring Rules'!$B$38)))) | F91: Standard | G91: Unspecified | H91: 2 | I91: 3 | J91: 13 | L91: 是 | R91: 是 | S91: 2198 | T91: Frontend; Backend/API; Data/Database | U91: Government/Defense; Technology; Education/Research | V91: C:\Workspace\java\scrape_indeed\soft_dav_part_1\1784.html#21655
A92: =IF(COUNTIF('Sample 20'!$B$2:$B$21,B92)>0,"是","") | B92: 21321 | C92: Software Developer | D92: =IF(E92>='Scoring Rules'!$B$3,"强",IF(E92>='Scoring Rules'!$B$4,"中","弱")) | E92: =MIN(100,H92+IF(I92>=5,'Scoring Rules'!$B$16,IF(I92>=3,'Scoring Rules'!$B$17,IF(I92>=1,'Scoring Rules'!$B$18,'Scoring Rules'!$B$19)))+IF(L92="是",'Scoring Rules'!$B$22,0)+MIN(J92*'Scoring Rules'!$B$23,'Scoring Rules'!$B$24)+IF(M92="是",'Scoring Rules'!$B$25,0)+MIN((IF(K92="",0,LEN(K92)-LEN(SUBSTITUTE(K92,";",""))+1))*'Scoring Rules'!$B$26,'Scoring Rules'!$B$27)+IF(N92="是",'Scoring Rules'!$B$28,0)+IF(O92="是",'Scoring Rules'!$B$29,0)+IF(P92="是",'Scoring Rules'!$B$30,0)+IF(Q92="是",'Scoring Rules'!$B$31,0)+IF(R92="是",'Scoring Rules'!$B$32,0)+IF(S92>=8000,'Scoring Rules'!$B$35,IF(S92>=4000,'Scoring Rules'!$B$36,IF(S92>=2000,'Scoring Rules'!$B$37,'Scoring Rules'!$B$38)))) | F92: Standard | G92: Bachelor | H92: 12 | I92: 5 | J92: 18 | L92: 是 | R92: 是 | S92: 3219 | T92: Frontend; Backend/API; Data/Database | U92: Technology; Education/Research | V92: C:\Workspace\java\scrape_indeed\soft_dav_part_1\1796.html#21668
A93: =IF(COUNTIF('Sample 20'!$B$2:$B$21,B93)>0,"是","") | B93: 21351 | C93: Software Developer | D93: =IF(E93>='Scoring Rules'!$B$3,"强",IF(E93>='Scoring Rules'!$B$4,"中","弱")) | E93: =MIN(100,H93+IF(I93>=5,'Scoring Rules'!$B$16,IF(I93>=3,'Scoring Rules'!$B$17,IF(I93>=1,'Scoring Rules'!$B$18,'Scoring Rules'!$B$19)))+IF(L93="是",'Scoring Rules'!$B$22,0)+MIN(J93*'Scoring Rules'!$B$23,'Scoring Rules'!$B$24)+IF(M93="是",'Scoring Rules'!$B$25,0)+MIN((IF(K93="",0,LEN(K93)-LEN(SUBSTITUTE(K93,";",""))+1))*'Scoring Rules'!$B$26,'Scoring Rules'!$B$27)+IF(N93="是",'Scoring Rules'!$B$28,0)+IF(O93="是",'Scoring Rules'!$B$29,0)+IF(P93="是",'Scoring Rules'!$B$30,0)+IF(Q93="是",'Scoring Rules'!$B$31,0)+IF(R93="是",'Scoring Rules'!$B$32,0)+IF(S93>=8000,'Scoring Rules'!$B$35,IF(S93>=4000,'Scoring Rules'!$B$36,IF(S93>=2000,'Scoring Rules'!$B$37,'Scoring Rules'!$B$38)))) | F93: Standard | G93: Bachelor | H93: 12 | I93: 3 | J93: 18 | L93: 是 | R93: 是 | S93: 5005 | T93: Frontend; Backend/API; Data/Database; Testing/Automation | U93: Technology; Education/Research | V93: C:\Workspace\java\scrape_indeed\soft_dav_part_1\1822.html#21698
A94: =IF(COUNTIF('Sample 20'!$B$2:$B$21,B94)>0,"是","") | B94: 21359 | C94: Software Developer | D94: =IF(E94>='Scoring Rules'!$B$3,"强",IF(E94>='Scoring Rules'!$B$4,"中","弱")) | E94: =MIN(100,H94+IF(I94>=5,'Scoring Rules'!$B$16,IF(I94>=3,'Scoring Rules'!$B$17,IF(I94>=1,'Scoring Rules'!$B$18,'Scoring Rules'!$B$19)))+IF(L94="是",'Scoring Rules'!$B$22,0)+MIN(J94*'Scoring Rules'!$B$23,'Scoring Rules'!$B$24)+IF(M94="是",'Scoring Rules'!$B$25,0)+MIN((IF(K94="",0,LEN(K94)-LEN(SUBSTITUTE(K94,";",""))+1))*'Scoring Rules'!$B$26,'Scoring Rules'!$B$27)+IF(N94="是",'Scoring Rules'!$B$28,0)+IF(O94="是",'Scoring Rules'!$B$29,0)+IF(P94="是",'Scoring Rules'!$B$30,0)+IF(Q94="是",'Scoring Rules'!$B$31,0)+IF(R94="是",'Scoring Rules'!$B$32,0)+IF(S94>=8000,'Scoring Rules'!$B$35,IF(S94>=4000,'Scoring Rules'!$B$36,IF(S94>=2000,'Scoring Rules'!$B$37,'Scoring Rules'!$B$38)))) | F94: Standard | G94: Bachelor | H94: 12 | I94: 3 | J94: 12 | L94: 是 | Q94: 是 | R94: 是 | S94: 1806 | T94: Frontend; Backend/API; Data/Database | U94: Technology | V94: C:\Workspace\java\scrape_indeed\soft_dav_part_1\183.html#21706
A95: =IF(COUNTIF('Sample 20'!$B$2:$B$21,B95)>0,"是","") | B95: 21373 | C95: Software Developer | D95: =IF(E95>='Scoring Rules'!$B$3,"强",IF(E95>='Scoring Rules'!$B$4,"中","弱")) | E95: =MIN(100,H95+IF(I95>=5,'Scoring Rules'!$B$16,IF(I95>=3,'Scoring Rules'!$B$17,IF(I95>=1,'Scoring Rules'!$B$18,'Scoring Rules'!$B$19)))+IF(L95="是",'Scoring Rules'!$B$22,0)+MIN(J95*'Scoring Rules'!$B$23,'Scoring Rules'!$B$24)+IF(M95="是",'Scoring Rules'!$B$25,0)+MIN((IF(K95="",0,LEN(K95)-LEN(SUBSTITUTE(K95,";",""))+1))*'Scoring Rules'!$B$26,'Scoring Rules'!$B$27)+IF(N95="是",'Scoring Rules'!$B$28,0)+IF(O95="是",'Scoring Rules'!$B$29,0)+IF(P95="是",'Scoring Rules'!$B$30,0)+IF(Q95="是",'Scoring Rules'!$B$31,0)+IF(R95="是",'Scoring Rules'!$B$32,0)+IF(S95>=8000,'Scoring Rules'!$B$35,IF(S95>=4000,'Scoring Rules'!$B$36,IF(S95>=2000,'Scoring Rules'!$B$37,'Scoring Rules'!$B$38)))) | F95: Standard | G95: Unspecified | H95: 2 | I95: 7 | J95: 17 | L95: 是 | O95: 是 | Q95: 是 | R95: 是 | S95: 7366 | T95: Frontend; Backend/API; Mobile; Data/Database; Cloud/DevOps; Embedded/Systems; Testing/Automation | U95: Finance/Banking; Government/Defense; Technology; Consulting; Education/Research; Retail/E-commerce | V95: C:\Workspace\java\scrape_indeed\soft_dav_part_1\1842.html#21720
A96: =IF(COUNTIF('Sample 20'!$B$2:$B$21,B96)>0,"是","") | B96: 21377 | C96: Software Developer | D96: =IF(E96>='Scoring Rules'!$B$3,"强",IF(E96>='Scoring Rules'!$B$4,"中","弱")) | E96: =MIN(100,H96+IF(I96>=5,'Scoring Rules'!$B$16,IF(I96>=3,'Scoring Rules'!$B$17,IF(I96>=1,'Scoring Rules'!$B$18,'Scoring Rules'!$B$19)))+IF(L96="是",'Scoring Rules'!$B$22,0)+MIN(J96*'Scoring Rules'!$B$23,'Scoring Rules'!$B$24)+IF(M96="是",'Scoring Rules'!$B$25,0)+MIN((IF(K96="",0,LEN(K96)-LEN(SUBSTITUTE(K96,";",""))+1))*'Scoring Rules'!$B$26,'Scoring Rules'!$B$27)+IF(N96="是",'Scoring Rules'!$B$28,0)+IF(O96="是",'Scoring Rules'!$B$29,0)+IF(P96="是",'Scoring Rules'!$B$30,0)+IF(Q96="是",'Scoring Rules'!$B$31,0)+IF(R96="是",'Scoring Rules'!$B$32,0)+IF(S96>=8000,'Scoring Rules'!$B$35,IF(S96>=4000,'Scoring Rules'!$B$36,IF(S96>=2000,'Scoring Rules'!$B$37,'Scoring Rules'!$B$38)))) | F96: Standard | G96: Bachelor | H96: 12 | I96: 1 | J96: 4 | L96: 是 | S96: 1816 | T96: Frontend; Data/Database | U96: Finance/Banking; Technology; Education/Research | V96: C:\Workspace\java\scrape_indeed\soft_dav_part_1\1846.html#21724
A97: =IF(COUNTIF('Sample 20'!$B$2:$B$21,B97)>0,"是","") | B97: 21381 | C97: Software Developer | D97: =IF(E97>='Scoring Rules'!$B$3,"强",IF(E97>='Scoring Rules'!$B$4,"中","弱")) | E97: =MIN(100,H97+IF(I97>=5,'Scoring Rules'!$B$16,IF(I97>=3,'Scoring Rules'!$B$17,IF(I97>=1,'Scoring Rules'!$B$18,'Scoring Rules'!$B$19)))+IF(L97="是",'Scoring Rules'!$B$22,0)+MIN(J97*'Scoring Rules'!$B$23,'Scoring Rules'!$B$24)+IF(M97="是",'Scoring Rules'!$B$25,0)+MIN((IF(K97="",0,LEN(K97)-LEN(SUBSTITUTE(K97,";",""))+1))*'Scoring Rules'!$B$26,'Scoring Rules'!$B$27)+IF(N97="是",'Scoring Rules'!$B$28,0)+IF(O97="是",'Scoring Rules'!$B$29,0)+IF(P97="是",'Scoring Rules'!$B$30,0)+IF(Q97="是",'Scoring Rules'!$B$31,0)+IF(R97="是",'Scoring Rules'!$B$32,0)+IF(S97>=8000,'Scoring Rules'!$B$35,IF(S97>=4000,'Scoring Rules'!$B$36,IF(S97>=2000,'Scoring Rules'!$B$37,'Scoring Rules'!$B$38)))) | F97: Standard | G97: Unspecified | H97: 2 | I97: 3 | J97: 14 | L97: 是 | Q97: 是 | S97: 1874 | T97: Frontend; Backend/API; Data/Database; Embedded/Systems | U97: Technology | V97: C:\Workspace\java\scrape_indeed\soft_dav_part_1\185.html#21728
A98: =IF(COUNTIF('Sample 20'!$B$2:$B$21,B98)>0,"是","") | B98: 21382 | C98: Software Developer | D98: =IF(E98>='Scoring Rules'!$B$3,"强",IF(E98>='Scoring Rules'!$B$4,"中","弱")) | E98: =MIN(100,H98+IF(I98>=5,'Scoring Rules'!$B$16,IF(I98>=3,'Scoring Rules'!$B$17,IF(I98>=1,'Scoring Rules'!$B$18,'Scoring Rules'!$B$19)))+IF(L98="是",'Scoring Rules'!$B$22,0)+MIN(J98*'Scoring Rules'!$B$23,'Scoring Rules'!$B$24)+IF(M98="是",'Scoring Rules'!$B$25,0)+MIN((IF(K98="",0,LEN(K98)-LEN(SUBSTITUTE(K98,";",""))+1))*'Scoring Rules'!$B$26,'Scoring Rules'!$B$27)+IF(N98="是",'Scoring Rules'!$B$28,0)+IF(O98="是",'Scoring Rules'!$B$29,0)+IF(P98="是",'Scoring Rules'!$B$30,0)+IF(Q98="是",'Scoring Rules'!$B$31,0)+IF(R98="是",'Scoring Rules'!$B$32,0)+IF(S98>=8000,'Scoring Rules'!$B$35,IF(S98>=4000,'Scoring Rules'!$B$36,IF(S98>=2000,'Scoring Rules'!$B$37,'Scoring Rules'!$B$38)))) | F98: Standard | G98: Unspecified | H98: 2 | I98: 9 | J98: 14 | L98: 是 | P98: 是 | R98: 是 | S98: 8216 | T98: Frontend; Backend/API; Data/Database | U98: Finance/Banking; Technology; Education/Research | V98: C:\Workspace\java\scrape_indeed\soft_dav_part_1\1850.html#21729
A99: =IF(COUNTIF('Sample 20'!$B$2:$B$21,B99)>0,"是","") | B99: 21390 | C99: Software Developer | D99: =IF(E99>='Scoring Rules'!$B$3,"强",IF(E99>='Scoring Rules'!$B$4,"中","弱")) | E99: =MIN(100,H99+IF(I99>=5,'Scoring Rules'!$B$16,IF(I99>=3,'Scoring Rules'!$B$17,IF(I99>=1,'Scoring Rules'!$B$18,'Scoring Rules'!$B$19)))+IF(L99="是",'Scoring Rules'!$B$22,0)+MIN(J99*'Scoring Rules'!$B$23,'Scoring Rules'!$B$24)+IF(M99="是",'Scoring Rules'!$B$25,0)+MIN((IF(K99="",0,LEN(K99)-LEN(SUBSTITUTE(K99,";",""))+1))*'Scoring Rules'!$B$26,'Scoring Rules'!$B$27)+IF(N99="是",'Scoring Rules'!$B$28,0)+IF(O99="是",'Scoring Rules'!$B$29,0)+IF(P99="是",'Scoring Rules'!$B$30,0)+IF(Q99="是",'Scoring Rules'!$B$31,0)+IF(R99="是",'Scoring Rules'!$B$32,0)+IF(S99>=8000,'Scoring Rules'!$B$35,IF(S99>=4000,'Scoring Rules'!$B$36,IF(S99>=2000,'Scoring Rules'!$B$37,'Scoring Rules'!$B$38)))) | F99: Standard | G99: Associate | H99: 8 | I99: 4 | J99: 16 | K99: Scrum | L99: 是 | R99: 是 | S99: 3893 | T99: Frontend; Backend/API; Mobile; Data/Database; Embedded/Systems | U99: Healthcare; Technology; Education/Research; Manufacturing/Automotive | V99: C:\Workspace\java\scrape_indeed\soft_dav_part_1\1858.html#21737
A100: =IF(COUNTIF('Sample 20'!$B$2:$B$21,B100)>0,"是","") | B100: 21393 | C100: Software Developer | D100: =IF(E100>='Scoring Rules'!$B$3,"强",IF(E100>='Scoring Rules'!$B$4,"中","弱")) | E100: =MIN(100,H100+IF(I100>=5,'Scoring Rules'!$B$16,IF(I100>=3,'Scoring Rules'!$B$17,IF(I100>=1,'Scoring Rules'!$B$18,'Scoring Rules'!$B$19)))+IF(L100="是",'Scoring Rules'!$B$22,0)+MIN(J100*'Scoring Rules'!$B$23,'Scoring Rules'!$B$24)+IF(M100="是",'Scoring Rules'!$B$25,0)+MIN((IF(K100="",0,LEN(K100)-LEN(SUBSTITUTE(K100,";",""))+1))*'Scoring Rules'!$B$26,'Scoring Rules'!$B$27)+IF(N100="是",'Scoring Rules'!$B$28,0)+IF(O100="是",'Scoring Rules'!$B$29,0)+IF(P100="是",'Scoring Rules'!$B$30,0)+IF(Q100="是",'Scoring Rules'!$B$31,0)+IF(R100="是",'Scoring Rules'!$B$32,0)+IF(S100>=8000,'Scoring Rules'!$B$35,IF(S100>=4000,'Scoring Rules'!$B$36,IF(S100>=2000,'Scoring Rules'!$B$37,'Scoring Rules'!$B$38)))) | F100: Standard | G100: Unspecified | H100: 2 | I100: 2 | J100: 3 | L100: 是 | S100: 1326 | T100: Backend/API; Data/Database; Testing/Automation | U100: Technology; Education/Research | V100: C:\Workspace\java\scrape_indeed\soft_dav_part_1\1860.html#21740
...

Sheet Sample 20
A1: 样本序号 | B1: Candidate ID | C1: 原始标题 | D1: 分类 | E1: 内容证据分 | F1: 资历层级 | G1: 教育层次 | H1: 教育分 | I1: 工作经历数 | J1: 技术关键词数 | K1: 明确技术证书 | L1: 有Skills段 | M1: 有证书/执照 | N1: 有Awards/Honors | O1: 有量化成果/成就 | P1: 有个人链接 | Q1: 有补充信息 | R1: 有项目/GitHub/Open Source | S1: 正文字符数 | T1: 技术方向 | U1: 行业背景 | V1: 原始来源 | W1: 入选理由 | X1: 小样本TXT
A2: 1 | B2: 22456 | C2: Software Developer | D2: =IF(E2>='Scoring Rules'!$B$3,"强",IF(E2>='Scoring Rules'!$B$4,"中","弱")) | E2: =MIN(100,H2+IF(I2>=5,'Scoring Rules'!$B$16,IF(I2>=3,'Scoring Rules'!$B$17,IF(I2>=1,'Scoring Rules'!$B$18,'Scoring Rules'!$B$19)))+IF(L2="是",'Scoring Rules'!$B$22,0)+MIN(J2*'Scoring Rules'!$B$23,'Scoring Rules'!$B$24)+IF(M2="是",'Scoring Rules'!$B$25,0)+MIN((IF(K2="",0,LEN(K2)-LEN(SUBSTITUTE(K2,";",""))+1))*'Scoring Rules'!$B$26,'Scoring Rules'!$B$27)+IF(N2="是",'Scoring Rules'!$B$28,0)+IF(O2="是",'Scoring Rules'!$B$29,0)+IF(P2="是",'Scoring Rules'!$B$30,0)+IF(Q2="是",'Scoring Rules'!$B$31,0)+IF(R2="是",'Scoring Rules'!$B$32,0)+IF(S2>=8000,'Scoring Rules'!$B$35,IF(S2>=4000,'Scoring Rules'!$B$36,IF(S2>=2000,'Scoring Rules'!$B$37,'Scoring Rules'!$B$38)))) | F2: Standard | G2: Associate | H2: 8 | I2: 3 | J2: 17 | L2: 是 | M2: 是 | N2: 是 | O2: 是 | P2: 是 | R2: 是 | S2: 3947 | T2: Frontend; Backend/API; Mobile; Data/Database; Cloud/DevOps | U2: Technology; Consulting; Education/Research; Manufacturing/Automotive | V2: C:\Workspace\java\scrape_indeed\soft_dav_part_1\2882.html#22875 | W2: Associate；3段日期化工作经历；17类软件开发关键词；有Awards/Honors；有量化成果或明确成就；有个人链接；有项目/GitHub/Open Source信息；技术方向：Frontend、Backend/API、Mobile | X2: /Users/q/Desktop/Project-Security/data/software_developer_selection/02_diverse_sample_20/01__strong__22456__Software_Developer.txt
A3: 2 | B3: 20734 | C3: Software Developer | D3: =IF(E3>='Scoring Rules'!$B$3,"强",IF(E3>='Scoring Rules'!$B$4,"中","弱")) | E3: =MIN(100,H3+IF(I3>=5,'Scoring Rules'!$B$16,IF(I3>=3,'Scoring Rules'!$B$17,IF(I3>=1,'Scoring Rules'!$B$18,'Scoring Rules'!$B$19)))+IF(L3="是",'Scoring Rules'!$B$22,0)+MIN(J3*'Scoring Rules'!$B$23,'Scoring Rules'!$B$24)+IF(M3="是",'Scoring Rules'!$B$25,0)+MIN((IF(K3="",0,LEN(K3)-LEN(SUBSTITUTE(K3,";",""))+1))*'Scoring Rules'!$B$26,'Scoring Rules'!$B$27)+IF(N3="是",'Scoring Rules'!$B$28,0)+IF(O3="是",'Scoring Rules'!$B$29,0)+IF(P3="是",'Scoring Rules'!$B$30,0)+IF(Q3="是",'Scoring Rules'!$B$31,0)+IF(R3="是",'Scoring Rules'!$B$32,0)+IF(S3>=8000,'Scoring Rules'!$B$35,IF(S3>=4000,'Scoring Rules'!$B$36,IF(S3>=2000,'Scoring Rules'!$B$37,'Scoring Rules'!$B$38)))) | F3: Standard | G3: Unspecified | H3: 2 | I3: 2 | J3: 9 | L3: 是 | N3: 是 | P3: 是 | R3: 是 | S3: 1571 | T3: Frontend; Backend/API | U3: Technology; Education/Research | V3: C:\Workspace\java\scrape_indeed\soft_dav_part_1\121.html#21018 | W3: 教育层次未明确；2段日期化工作经历；9类软件开发关键词；有Awards/Honors；有个人链接；有项目/GitHub/Open Source信息；技术方向：Frontend、Backend/API | X3: /Users/q/Desktop/Project-Security/data/software_developer_selection/02_diverse_sample_20/02__weak__20734__Software_Developer.txt
A4: 3 | B4: 22951 | C4: Software Developer | D4: =IF(E4>='Scoring Rules'!$B$3,"强",IF(E4>='Scoring Rules'!$B$4,"中","弱")) | E4: =MIN(100,H4+IF(I4>=5,'Scoring Rules'!$B$16,IF(I4>=3,'Scoring Rules'!$B$17,IF(I4>=1,'Scoring Rules'!$B$18,'Scoring Rules'!$B$19)))+IF(L4="是",'Scoring Rules'!$B$22,0)+MIN(J4*'Scoring Rules'!$B$23,'Scoring Rules'!$B$24)+IF(M4="是",'Scoring Rules'!$B$25,0)+MIN((IF(K4="",0,LEN(K4)-LEN(SUBSTITUTE(K4,";",""))+1))*'Scoring Rules'!$B$26,'Scoring Rules'!$B$27)+IF(N4="是",'Scoring Rules'!$B$28,0)+IF(O4="是",'Scoring Rules'!$B$29,0)+IF(P4="是",'Scoring Rules'!$B$30,0)+IF(Q4="是",'Scoring Rules'!$B$31,0)+IF(R4="是",'Scoring Rules'!$B$32,0)+IF(S4>=8000,'Scoring Rules'!$B$35,IF(S4>=4000,'Scoring Rules'!$B$36,IF(S4>=2000,'Scoring Rules'!$B$37,'Scoring Rules'!$B$38)))) | F4: Standard | G4: Bachelor | H4: 12 | I4: 2 | J4: 16 | L4: 是 | N4: 是 | P4: 是 | Q4: 是 | R4: 是 | S4: 3704 | T4: Frontend; Backend/API; Mobile; Data/Database; Cloud/DevOps; Machine Learning | U4: Finance/Banking; Healthcare; Technology; Education/Research | V4: C:\Workspace\java\scrape_indeed\soft_dav_part_1\56.html#23379 | W4: Bachelor；2段日期化工作经历；16类软件开发关键词；有Awards/Honors；有个人链接；有项目/GitHub/Open Source信息；技术方向：Frontend、Backend/API、Mobile | X4: /Users/q/Desktop/Project-Security/data/software_developer_selection/02_diverse_sample_20/03__medium__22951__Software_Developer.txt
A5: 4 | B5: 20545 | C5: Software Developer | D5: =IF(E5>='Scoring Rules'!$B$3,"强",IF(E5>='Scoring Rules'!$B$4,"中","弱")) | E5: =MIN(100,H5+IF(I5>=5,'Scoring Rules'!$B$16,IF(I5>=3,'Scoring Rules'!$B$17,IF(I5>=1,'Scoring Rules'!$B$18,'Scoring Rules'!$B$19)))+IF(L5="是",'Scoring Rules'!$B$22,0)+MIN(J5*'Scoring Rules'!$B$23,'Scoring Rules'!$B$24)+IF(M5="是",'Scoring Rules'!$B$25,0)+MIN((IF(K5="",0,LEN(K5)-LEN(SUBSTITUTE(K5,";",""))+1))*'Scoring Rules'!$B$26,'Scoring Rules'!$B$27)+IF(N5="是",'Scoring Rules'!$B$28,0)+IF(O5="是",'Scoring Rules'!$B$29,0)+IF(P5="是",'Scoring Rules'!$B$30,0)+IF(Q5="是",'Scoring Rules'!$B$31,0)+IF(R5="是",'Scoring Rules'!$B$32,0)+IF(S5>=8000,'Scoring Rules'!$B$35,IF(S5>=4000,'Scoring Rules'!$B$36,IF(S5>=2000,'Scoring Rules'!$B$37,'Scoring Rules'!$B$38)))) | F5: Standard | G5: Master | H5: 16 | I5: 2 | J5: 15 | K5: PMP | L5: 是 | M5: 是 | O5: 是 | R5: 是 | S5: 3360 | T5: Frontend; Backend/API; Data/Database; Cloud/DevOps; Embedded/Systems; Testing/Automation | U5: Technology; Telecom; Education/Research | V5: C:\Workspace\java\scrape_indeed\soft_dav_part_1\1030.html#20819 | W5: Master；2段日期化工作经历；15类软件开发关键词；相关证书：PMP；有量化成果或明确成就；有项目/GitHub/Open Source信息；技术方向：Frontend、Backend/API、Data/Database | X5: /Users/q/Desktop/Project-Security/data/software_developer_selection/02_diverse_sample_20/04__strong__20545__Software_Developer.txt
A6: 5 | B6: 22828 | C6: SOFTWARE DEVELOPER | D6: =IF(E6>='Scoring Rules'!$B$3,"强",IF(E6>='Scoring Rules'!$B$4,"中","弱")) | E6: =MIN(100,H6+IF(I6>=5,'Scoring Rules'!$B$16,IF(I6>=3,'Scoring Rules'!$B$17,IF(I6>=1,'Scoring Rules'!$B$18,'Scoring Rules'!$B$19)))+IF(L6="是",'Scoring Rules'!$B$22,0)+MIN(J6*'Scoring Rules'!$B$23,'Scoring Rules'!$B$24)+IF(M6="是",'Scoring Rules'!$B$25,0)+MIN((IF(K6="",0,LEN(K6)-LEN(SUBSTITUTE(K6,";",""))+1))*'Scoring Rules'!$B$26,'Scoring Rules'!$B$27)+IF(N6="是",'Scoring Rules'!$B$28,0)+IF(O6="是",'Scoring Rules'!$B$29,0)+IF(P6="是",'Scoring Rules'!$B$30,0)+IF(Q6="是",'Scoring Rules'!$B$31,0)+IF(R6="是",'Scoring Rules'!$B$32,0)+IF(S6>=8000,'Scoring Rules'!$B$35,IF(S6>=4000,'Scoring Rules'!$B$36,IF(S6>=2000,'Scoring Rules'!$B$37,'Scoring Rules'!$B$38)))) | F6: Standard | G6: High School | H6: 5 | I6: 1 | J6: 11 | P6: 是 | Q6: 是 | R6: 是 | S6: 2630 | T6: Frontend; Backend/API; Data/Database; Testing/Automation | U6: Technology; Education/Research | V6: C:\Workspace\java\scrape_indeed\soft_dav_part_1\447.html#23254 | W6: High School；1段日期化工作经历；11类软件开发关键词；有个人链接；有项目/GitHub/Open Source信息；外部佐证和成果证据较少；技术方向：Frontend、Backend/API、Data/Database | X6: /Users/q/Desktop/Project-Security/data/software_developer_selection/02_diverse_sample_20/05__weak__22828__Software_Developer.txt
A7: 6 | B7: 22156 | C7: Software Developer | D7: =IF(E7>='Scoring Rules'!$B$3,"强",IF(E7>='Scoring Rules'!$B$4,"中","弱")) | E7: =MIN(100,H7+IF(I7>=5,'Scoring Rules'!$B$16,IF(I7>=3,'Scoring Rules'!$B$17,IF(I7>=1,'Scoring Rules'!$B$18,'Scoring Rules'!$B$19)))+IF(L7="是",'Scoring Rules'!$B$22,0)+MIN(J7*'Scoring Rules'!$B$23,'Scoring Rules'!$B$24)+IF(M7="是",'Scoring Rules'!$B$25,0)+MIN((IF(K7="",0,LEN(K7)-LEN(SUBSTITUTE(K7,";",""))+1))*'Scoring Rules'!$B$26,'Scoring Rules'!$B$27)+IF(N7="是",'Scoring Rules'!$B$28,0)+IF(O7="是",'Scoring Rules'!$B$29,0)+IF(P7="是",'Scoring Rules'!$B$30,0)+IF(Q7="是",'Scoring Rules'!$B$31,0)+IF(R7="是",'Scoring Rules'!$B$32,0)+IF(S7>=8000,'Scoring Rules'!$B$35,IF(S7>=4000,'Scoring Rules'!$B$36,IF(S7>=2000,'Scoring Rules'!$B$37,'Scoring Rules'!$B$38)))) | F7: Standard | G7: Certificate | H7: 6 | I7: 3 | J7: 14 | L7: 是 | O7: 是 | S7: 2944 | T7: Frontend; Backend/API; Data/Database | U7: Technology; Telecom; Education/Research | V7: C:\Workspace\java\scrape_indeed\soft_dav_part_1\2562.html#22520 | W7: Certificate；3段日期化工作经历；14类软件开发关键词；有量化成果或明确成就；技术方向：Frontend、Backend/API、Data/Database | X7: /Users/q/Desktop/Project-Security/data/software_developer_selection/02_diverse_sample_20/06__medium__22156__Software_Developer.txt
A8: 7 | B8: 22141 | C8: Software Developer | D8: =IF(E8>='Scoring Rules'!$B$3,"强",IF(E8>='Scoring Rules'!$B$4,"中","弱")) | E8: =MIN(100,H8+IF(I8>=5,'Scoring Rules'!$B$16,IF(I8>=3,'Scoring Rules'!$B$17,IF(I8>=1,'Scoring Rules'!$B$18,'Scoring Rules'!$B$19)))+IF(L8="是",'Scoring Rules'!$B$22,0)+MIN(J8*'Scoring Rules'!$B$23,'Scoring Rules'!$B$24)+IF(M8="是",'Scoring Rules'!$B$25,0)+MIN((IF(K8="",0,LEN(K8)-LEN(SUBSTITUTE(K8,";",""))+1))*'Scoring Rules'!$B$26,'Scoring Rules'!$B$27)+IF(N8="是",'Scoring Rules'!$B$28,0)+IF(O8="是",'Scoring Rules'!$B$29,0)+IF(P8="是",'Scoring Rules'!$B$30,0)+IF(Q8="是",'Scoring Rules'!$B$31,0)+IF(R8="是",'Scoring Rules'!$B$32,0)+IF(S8>=8000,'Scoring Rules'!$B$35,IF(S8>=4000,'Scoring Rules'!$B$36,IF(S8>=2000,'Scoring Rules'!$B$37,'Scoring Rules'!$B$38)))) | F8: Standard | G8: Doctorate | H8: 18 | I8: 6 | J8: 19 | L8: 是 | Q8: 是 | R8: 是 | S8: 4492 | T8: Frontend; Backend/API; Data/Database; Cloud/DevOps | U8: Finance/Banking; Technology; Education/Research | V8: C:\Workspace\java\scrape_indeed\soft_dav_part_1\2548.html#22504 | W8: Doctorate；6段日期化工作经历；19类软件开发关键词；有项目/GitHub/Open Source信息；外部佐证和成果证据较少；技术方向：Frontend、Backend/API、Data/Database | X8: /Users/q/Desktop/Project-Security/data/software_developer_selection/02_diverse_sample_20/07__strong__22141__Software_Developer.txt
A9: 8 | B9: 23161 | C9: Software Developer | D9: =IF(E9>='Scoring Rules'!$B$3,"强",IF(E9>='Scoring Rules'!$B$4,"中","弱")) | E9: =MIN(100,H9+IF(I9>=5,'Scoring Rules'!$B$16,IF(I9>=3,'Scoring Rules'!$B$17,IF(I9>=1,'Scoring Rules'!$B$18,'Scoring Rules'!$B$19)))+IF(L9="是",'Scoring Rules'!$B$22,0)+MIN(J9*'Scoring Rules'!$B$23,'Scoring Rules'!$B$24)+IF(M9="是",'Scoring Rules'!$B$25,0)+MIN((IF(K9="",0,LEN(K9)-LEN(SUBSTITUTE(K9,";",""))+1))*'Scoring Rules'!$B$26,'Scoring Rules'!$B$27)+IF(N9="是",'Scoring Rules'!$B$28,0)+IF(O9="是",'Scoring Rules'!$B$29,0)+IF(P9="是",'Scoring Rules'!$B$30,0)+IF(Q9="是",'Scoring Rules'!$B$31,0)+IF(R9="是",'Scoring Rules'!$B$32,0)+IF(S9>=8000,'Scoring Rules'!$B$35,IF(S9>=4000,'Scoring Rules'!$B$36,IF(S9>=2000,'Scoring Rules'!$B$37,'Scoring Rules'!$B$38)))) | F9: Standard | G9: Bachelor | H9: 12 | I9: 3 | J9: 4 | R9: 是 | S9: 2282 | T9: Backend/API; Data/Database | U9: Finance/Banking; Healthcare; Technology; Education/Research; Retail/E-commerce | V9: C:\Workspace\java\scrape_indeed\soft_dav_part_1\752.html#23593 | W9: Bachelor；3段日期化工作经历；4类软件开发关键词；有项目/GitHub/Open Source信息；外部佐证和成果证据较少；技术方向：Backend/API、Data/Database | X9: /Users/q/Desktop/Project-Security/data/software_developer_selection/02_diverse_sample_20/08__weak__23161__Software_Developer.txt
A10: 9 | B10: 23372 | C10: Software Developer | D10: =IF(E10>='Scoring Rules'!$B$3,"强",IF(E10>='Scoring Rules'!$B$4,"中","弱")) | E10: =MIN(100,H10+IF(I10>=5,'Scoring Rules'!$B$16,IF(I10>=3,'Scoring Rules'!$B$17,IF(I10>=1,'Scoring Rules'!$B$18,'Scoring Rules'!$B$19)))+IF(L10="是",'Scoring Rules'!$B$22,0)+MIN(J10*'Scoring Rules'!$B$23,'Scoring Rules'!$B$24)+IF(M10="是",'Scoring Rules'!$B$25,0)+MIN((IF(K10="",0,LEN(K10)-LEN(SUBSTITUTE(K10,";",""))+1))*'Scoring Rules'!$B$26,'Scoring Rules'!$B$27)+IF(N10="是",'Scoring Rules'!$B$28,0)+IF(O10="是",'Scoring Rules'!$B$29,0)+IF(P10="是",'Scoring Rules'!$B$30,0)+IF(Q10="是",'Scoring Rules'!$B$31,0)+IF(R10="是",'Scoring Rules'!$B$32,0)+IF(S10>=8000,'Scoring Rules'!$B$35,IF(S10>=4000,'Scoring Rules'!$B$36,IF(S10>=2000,'Scoring Rules'!$B$37,'Scoring Rules'!$B$38)))) | F10: Standard | G10: High School | H10: 5 | I10: 4 | J10: 9 | L10: 是 | O10: 是 | P10: 是 | R10: 是 | S10: 1712 | T10: Frontend; Mobile; Data/Database | U10: Technology | V10: C:\Workspace\java\scrape_indeed\soft_dav_part_1\945.html#23807 | W10: High School；4段日期化工作经历；9类软件开发关键词；有量化成果或明确成就；有个人链接；有项目/GitHub/Open Source信息；技术方向：Frontend、Mobile、Data/Database | X10: /Users/q/Desktop/Project-Security/data/software_developer_selection/02_diverse_sample_20/09__medium__23372__Software_Developer.txt
A11: 10 | B11: 22992 | C11: SOFTWARE DEVELOPER | D11: =IF(E11>='Scoring Rules'!$B$3,"强",IF(E11>='Scoring Rules'!$B$4,"中","弱")) | E11: =MIN(100,H11+IF(I11>=5,'Scoring Rules'!$B$16,IF(I11>=3,'Scoring Rules'!$B$17,IF(I11>=1,'Scoring Rules'!$B$18,'Scoring Rules'!$B$19)))+IF(L11="是",'Scoring Rules'!$B$22,0)+MIN(J11*'Scoring Rules'!$B$23,'Scoring Rules'!$B$24)+IF(M11="是",'Scoring Rules'!$B$25,0)+MIN((IF(K11="",0,LEN(K11)-LEN(SUBSTITUTE(K11,";",""))+1))*'Scoring Rules'!$B$26,'Scoring Rules'!$B$27)+IF(N11="是",'Scoring Rules'!$B$28,0)+IF(O11="是",'Scoring Rules'!$B$29,0)+IF(P11="是",'Scoring Rules'!$B$30,0)+IF(Q11="是",'Scoring Rules'!$B$31,0)+IF(R11="是",'Scoring Rules'!$B$32,0)+IF(S11>=8000,'Scoring Rules'!$B$35,IF(S11>=4000,'Scoring Rules'!$B$36,IF(S11>=2000,'Scoring Rules'!$B$37,'Scoring Rules'!$B$38)))) | F11: Standard | G11: Master | H11: 16 | I11: 3 | J11: 8 | K11: Oracle/Java | M11: 是 | O11: 是 | P11: 是 | R11: 是 | S11: 2603 | T11: Backend/API; Data/Database | U11: Finance/Banking; Government/Defense; Technology; Education/Research | V11: C:\Workspace\java\scrape_indeed\soft_dav_part_1\597.html#23420 | W11: Master；3段日期化工作经历；8类软件开发关键词；相关证书：Oracle/Java；有量化成果或明确成就；有个人链接；有项目/GitHub/Open Source信息；技术方向：Backend/API、Data/Database | X11: /Users/q/Desktop/Project-Security/data/software_developer_selection/02_diverse_sample_20/10__strong__22992__Software_Developer.txt
A12: 11 | B12: 21780 | C12: Software Developer | D12: medium | E12: =MIN(100,H12+IF(I12>=5,'Scoring Rules'!$B$16,IF(I12>=3,'Scoring Rules'!$B$17,IF(I12>=1,'Scoring Rules'!$B$18,'Scoring Rules'!$B$19)))+IF(L12="是",'Scoring Rules'!$B$22,0)+MIN(J12*'Scoring Rules'!$B$23,'Scoring Rules'!$B$24)+IF(M12="是",'Scoring Rules'!$B$25,0)+MIN((IF(K12="",0,LEN(K12)-LEN(SUBSTITUTE(K12,";",""))+1))*'Scoring Rules'!$B$26,'Scoring Rules'!$B$27)+IF(N12="是",'Scoring Rules'!$B$28,0)+IF(O12="是",'Scoring Rules'!$B$29,0)+IF(P12="是",'Scoring Rules'!$B$30,0)+IF(Q12="是",'Scoring Rules'!$B$31,0)+IF(R12="是",'Scoring Rules'!$B$32,0)+IF(S12>=8000,'Scoring Rules'!$B$35,IF(S12>=4000,'Scoring Rules'!$B$36,IF(S12>=2000,'Scoring Rules'!$B$37,'Scoring Rules'!$B$38)))) | F12: Standard | G12: Unspecified | H12: 2 | I12: 2 | J12: 20 | O12: 是 | R12: 是 | S12: 2145 | T12: Frontend; Backend/API; Mobile; Data/Database | U12: Technology; Education/Research | V12: C:\Workspace\java\scrape_indeed\soft_dav_part_1\2213.html#22133 | W12: 教育层次未明确；2段日期化工作经历；20类软件开发关键词；有量化成果或明确成就；有项目/GitHub/Open Source信息；技术方向：Frontend、Backend/API、Mobile | X12: /Users/q/Desktop/Project-Security/data/software_developer_selection/02_diverse_sample_20/11__weak__21780__Software_Developer.txt
A13: 12 | B13: 22804 | C13: Software Developer | D13: =IF(E13>='Scoring Rules'!$B$3,"强",IF(E13>='Scoring Rules'!$B$4,"中","弱")) | E13: =MIN(100,H13+IF(I13>=5,'Scoring Rules'!$B$16,IF(I13>=3,'Scoring Rules'!$B$17,IF(I13>=1,'Scoring Rules'!$B$18,'Scoring Rules'!$B$19)))+IF(L13="是",'Scoring Rules'!$B$22,0)+MIN(J13*'Scoring Rules'!$B$23,'Scoring Rules'!$B$24)+IF(M13="是",'Scoring Rules'!$B$25,0)+MIN((IF(K13="",0,LEN(K13)-LEN(SUBSTITUTE(K13,";",""))+1))*'Scoring Rules'!$B$26,'Scoring Rules'!$B$27)+IF(N13="是",'Scoring Rules'!$B$28,0)+IF(O13="是",'Scoring Rules'!$B$29,0)+IF(P13="是",'Scoring Rules'!$B$30,0)+IF(Q13="是",'Scoring Rules'!$B$31,0)+IF(R13="是",'Scoring Rules'!$B$32,0)+IF(S13>=8000,'Scoring Rules'!$B$35,IF(S13>=4000,'Scoring Rules'!$B$36,IF(S13>=2000,'Scoring Rules'!$B$37,'Scoring Rules'!$B$38)))) | F13: Standard | G13: Unspecified | H13: 2 | I13: 4 | J13: 5 | L13: 是 | N13: 是 | O13: 是 | R13: 是 | S13: 6600 | T13: Frontend; Backend/API; Data/Database; Testing/Automation | U13: Government/Defense; Technology; Education/Research | V13: C:\Workspace\java\scrape_indeed\soft_dav_part_1\425.html#23230 | W13: 教育层次未明确；4段日期化工作经历；5类软件开发关键词；有Awards/Honors；有量化成果或明确成就；有项目/GitHub/Open Source信息；技术方向：Frontend、Backend/API、Data/Database | X13: /Users/q/Desktop/Project-Security/data/software_developer_selection/02_diverse_sample_20/12__medium__22804__Software_Developer.txt
A14: 13 | B14: 22836 | C14: Software Developer | D14: =IF(E14>='Scoring Rules'!$B$3,"强",IF(E14>='Scoring Rules'!$B$4,"中","弱")) | E14: =MIN(100,H14+IF(I14>=5,'Scoring Rules'!$B$16,IF(I14>=3,'Scoring Rules'!$B$17,IF(I14>=1,'Scoring Rules'!$B$18,'Scoring Rules'!$B$19)))+IF(L14="是",'Scoring Rules'!$B$22,0)+MIN(J14*'Scoring Rules'!$B$23,'Scoring Rules'!$B$24)+IF(M14="是",'Scoring Rules'!$B$25,0)+MIN((IF(K14="",0,LEN(K14)-LEN(SUBSTITUTE(K14,";",""))+1))*'Scoring Rules'!$B$26,'Scoring Rules'!$B$27)+IF(N14="是",'Scoring Rules'!$B$28,0)+IF(O14="是",'Scoring Rules'!$B$29,0)+IF(P14="是",'Scoring Rules'!$B$30,0)+IF(Q14="是",'Scoring Rules'!$B$31,0)+IF(R14="是",'Scoring Rules'!$B$32,0)+IF(S14>=8000,'Scoring Rules'!$B$35,IF(S14>=4000,'Scoring Rules'!$B$36,IF(S14>=2000,'Scoring Rules'!$B$37,'Scoring Rules'!$B$38)))) | F14: Standard | G14: Bachelor | H14: 12 | I14: 3 | J14: 16 | K14: Scrum; ITIL | L14: 是 | M14: 是 | O14: 是 | S14: 3117 | T14: Backend/API; Data/Database; Cloud/DevOps; Testing/Automation | U14: Finance/Banking; Technology; Education/Research | V14: C:\Workspace\java\scrape_indeed\soft_dav_part_1\455.html#23263 | W14: Bachelor；3段日期化工作经历；16类软件开发关键词；相关证书：Scrum/ITIL；有量化成果或明确成就；技术方向：Backend/API、Data/Database、Cloud/DevOps | X14: /Users/q/Desktop/Project-Security/data/software_developer_selection/02_diverse_sample_20/13__strong__22836__Software_Developer.txt
A15: 14 | B15: 20516 | C15: Software Developer | D15: =IF(E15>='Scoring Rules'!$B$3,"强",IF(E15>='Scoring Rules'!$B$4,"中","弱")) | E15: =MIN(100,H15+IF(I15>=5,'Scoring Rules'!$B$16,IF(I15>=3,'Scoring Rules'!$B$17,IF(I15>=1,'Scoring Rules'!$B$18,'Scoring Rules'!$B$19)))+IF(L15="是",'Scoring Rules'!$B$22,0)+MIN(J15*'Scoring Rules'!$B$23,'Scoring Rules'!$B$24)+IF(M15="是",'Scoring Rules'!$B$25,0)+MIN((IF(K15="",0,LEN(K15)-LEN(SUBSTITUTE(K15,";",""))+1))*'Scoring Rules'!$B$26,'Scoring Rules'!$B$27)+IF(N15="是",'Scoring Rules'!$B$28,0)+IF(O15="是",'Scoring Rules'!$B$29,0)+IF(P15="是",'Scoring Rules'!$B$30,0)+IF(Q15="是",'Scoring Rules'!$B$31,0)+IF(R15="是",'Scoring Rules'!$B$32,0)+IF(S15>=8000,'Scoring Rules'!$B$35,IF(S15>=4000,'Scoring Rules'!$B$36,IF(S15>=2000,'Scoring Rules'!$B$37,'Scoring Rules'!$B$38)))) | F15: Standard | G15: Certificate | H15: 6 | I15: 5 | J15: 4 | S15: 1977 | T15: Data/Database | U15: Technology; Education/Research | V15: C:\Workspace\java\scrape_indeed\soft_dav_part_1\1004.html#20790 | W15: Certificate；5段日期化工作经历；4类软件开发关键词；外部佐证和成果证据较少；技术方向：Data/Database | X15: /Users/q/Desktop/Project-Security/data/software_developer_selection/02_diverse_sample_20/14__weak__20516__Software_Developer.txt
A16: 15 | B16: 23030 | C16: Software Developer | D16: =IF(E16>='Scoring Rules'!$B$3,"强",IF(E16>='Scoring Rules'!$B$4,"中","弱")) | E16: =MIN(100,H16+IF(I16>=5,'Scoring Rules'!$B$16,IF(I16>=3,'Scoring Rules'!$B$17,IF(I16>=1,'Scoring Rules'!$B$18,'Scoring Rules'!$B$19)))+IF(L16="是",'Scoring Rules'!$B$22,0)+MIN(J16*'Scoring Rules'!$B$23,'Scoring Rules'!$B$24)+IF(M16="是",'Scoring Rules'!$B$25,0)+MIN((IF(K16="",0,LEN(K16)-LEN(SUBSTITUTE(K16,";",""))+1))*'Scoring Rules'!$B$26,'Scoring Rules'!$B$27)+IF(N16="是",'Scoring Rules'!$B$28,0)+IF(O16="是",'Scoring Rules'!$B$29,0)+IF(P16="是",'Scoring Rules'!$B$30,0)+IF(Q16="是",'Scoring Rules'!$B$31,0)+IF(R16="是",'Scoring Rules'!$B$32,0)+IF(S16>=8000,'Scoring Rules'!$B$35,IF(S16>=4000,'Scoring Rules'!$B$36,IF(S16>=2000,'Scoring Rules'!$B$37,'Scoring Rules'!$B$38)))) | F16: Standard | G16: Associate | H16: 8 | I16: 3 | J16: 7 | K16: Microsoft/Azure | L16: 是 | M16: 是 | P16: 是 | R16: 是 | S16: 2668 | T16: Backend/API; Data/Database; Testing/Automation | U16: Technology; Education/Research; Retail/E-commerce | V16: C:\Workspace\java\scrape_indeed\soft_dav_part_1\631.html#23459 | W16: Associate；3段日期化工作经历；7类软件开发关键词；相关证书：Microsoft/Azure；有个人链接；有项目/GitHub/Open Source信息；技术方向：Backend/API、Data/Database、Testing/Automation | X16: /Users/q/Desktop/Project-Security/data/software_developer_selection/02_diverse_sample_20/15__medium__23030__Software_Developer.txt
A17: 16 | B17: 21666 | C17: Software Developer | D17: =IF(E17>='Scoring Rules'!$B$3,"强",IF(E17>='Scoring Rules'!$B$4,"中","弱")) | E17: =MIN(100,H17+IF(I17>=5,'Scoring Rules'!$B$16,IF(I17>=3,'Scoring Rules'!$B$17,IF(I17>=1,'Scoring Rules'!$B$18,'Scoring Rules'!$B$19)))+IF(L17="是",'Scoring Rules'!$B$22,0)+MIN(J17*'Scoring Rules'!$B$23,'Scoring Rules'!$B$24)+IF(M17="是",'Scoring Rules'!$B$25,0)+MIN((IF(K17="",0,LEN(K17)-LEN(SUBSTITUTE(K17,";",""))+1))*'Scoring Rules'!$B$26,'Scoring Rules'!$B$27)+IF(N17="是",'Scoring Rules'!$B$28,0)+IF(O17="是",'Scoring Rules'!$B$29,0)+IF(P17="是",'Scoring Rules'!$B$30,0)+IF(Q17="是",'Scoring Rules'!$B$31,0)+IF(R17="是",'Scoring Rules'!$B$32,0)+IF(S17>=8000,'Scoring Rules'!$B$35,IF(S17>=4000,'Scoring Rules'!$B$36,IF(S17>=2000,'Scoring Rules'!$B$37,'Scoring Rules'!$B$38)))) | F17: Standard | G17: Master | H17: 16 | I17: 5 | J17: 12 | K17: ITIL | L17: 是 | M17: 是 | Q17: 是 | S17: 8161 | T17: Frontend; Backend/API; Data/Database; Embedded/Systems | U17: Finance/Banking; Healthcare; Government/Defense; Technology | V17: C:\Workspace\java\scrape_indeed\soft_dav_part_1\2109.html#22017 | W17: Master；5段日期化工作经历；12类软件开发关键词；相关证书：ITIL；技术方向：Frontend、Backend/API、Data/Database | X17: /Users/q/Desktop/Project-Security/data/software_developer_selection/02_diverse_sample_20/16__strong__21666__Software_Developer.txt
A18: 17 | B18: 20595 | C18: Software Developer | D18: =IF(E18>='Scoring Rules'!$B$3,"强",IF(E18>='Scoring Rules'!$B$4,"中","弱")) | E18: =MIN(100,H18+IF(I18>=5,'Scoring Rules'!$B$16,IF(I18>=3,'Scoring Rules'!$B$17,IF(I18>=1,'Scoring Rules'!$B$18,'Scoring Rules'!$B$19)))+IF(L18="是",'Scoring Rules'!$B$22,0)+MIN(J18*'Scoring Rules'!$B$23,'Scoring Rules'!$B$24)+IF(M18="是",'Scoring Rules'!$B$25,0)+MIN((IF(K18="",0,LEN(K18)-LEN(SUBSTITUTE(K18,";",""))+1))*'Scoring Rules'!$B$26,'Scoring Rules'!$B$27)+IF(N18="是",'Scoring Rules'!$B$28,0)+IF(O18="是",'Scoring Rules'!$B$29,0)+IF(P18="是",'Scoring Rules'!$B$30,0)+IF(Q18="是",'Scoring Rules'!$B$31,0)+IF(R18="是",'Scoring Rules'!$B$32,0)+IF(S18>=8000,'Scoring Rules'!$B$35,IF(S18>=4000,'Scoring Rules'!$B$36,IF(S18>=2000,'Scoring Rules'!$B$37,'Scoring Rules'!$B$38)))) | F18: Standard | G18: Bachelor | H18: 12 | I18: 2 | J18: 11 | L18: 是 | S18: 1643 | T18: Frontend; Backend/API; Mobile; Data/Database | U18: Healthcare; Technology; Consulting | V18: C:\Workspace\java\scrape_indeed\soft_dav_part_1\108.html#20873 | W18: Bachelor；2段日期化工作经历；11类软件开发关键词；外部佐证和成果证据较少；技术方向：Frontend、Backend/API、Mobile | X18: /Users/q/Desktop/Project-Security/data/software_developer_selection/02_diverse_sample_20/17__weak__20595__Software_Developer.txt
A19: 18 | B19: 21737 | C19: Software Developer | D19: =IF(E19>='Scoring Rules'!$B$3,"强",IF(E19>='Scoring Rules'!$B$4,"中","弱")) | E19: =MIN(100,H19+IF(I19>=5,'Scoring Rules'!$B$16,IF(I19>=3,'Scoring Rules'!$B$17,IF(I19>=1,'Scoring Rules'!$B$18,'Scoring Rules'!$B$19)))+IF(L19="是",'Scoring Rules'!$B$22,0)+MIN(J19*'Scoring Rules'!$B$23,'Scoring Rules'!$B$24)+IF(M19="是",'Scoring Rules'!$B$25,0)+MIN((IF(K19="",0,LEN(K19)-LEN(SUBSTITUTE(K19,";",""))+1))*'Scoring Rules'!$B$26,'Scoring Rules'!$B$27)+IF(N19="是",'Scoring Rules'!$B$28,0)+IF(O19="是",'Scoring Rules'!$B$29,0)+IF(P19="是",'Scoring Rules'!$B$30,0)+IF(Q19="是",'Scoring Rules'!$B$31,0)+IF(R19="是",'Scoring Rules'!$B$32,0)+IF(S19>=8000,'Scoring Rules'!$B$35,IF(S19>=4000,'Scoring Rules'!$B$36,IF(S19>=2000,'Scoring Rules'!$B$37,'Scoring Rules'!$B$38)))) | F19: Standard | G19: Unspecified | H19: 2 | I19: 6 | J19: 12 | L19: 是 | Q19: 是 | S19: 5125 | T19: Backend/API; Cloud/DevOps; Embedded/Systems; Testing/Automation | U19: Technology; Consulting; Retail/E-commerce | V19: C:\Workspace\java\scrape_indeed\soft_dav_part_1\2175.html#22090 | W19: 教育层次未明确；6段日期化工作经历；12类软件开发关键词；外部佐证和成果证据较少；技术方向：Backend/API、Cloud/DevOps、Embedded/Systems | X19: /Users/q/Desktop/Project-Security/data/software_developer_selection/02_diverse_sample_20/18__medium__21737__Software_Developer.txt
A20: 19 | B20: 21131 | C20: Software Developer | D20: =IF(E20>='Scoring Rules'!$B$3,"强",IF(E20>='Scoring Rules'!$B$4,"中","弱")) | E20: =MIN(100,H20+IF(I20>=5,'Scoring Rules'!$B$16,IF(I20>=3,'Scoring Rules'!$B$17,IF(I20>=1,'Scoring Rules'!$B$18,'Scoring Rules'!$B$19)))+IF(L20="是",'Scoring Rules'!$B$22,0)+MIN(J20*'Scoring Rules'!$B$23,'Scoring Rules'!$B$24)+IF(M20="是",'Scoring Rules'!$B$25,0)+MIN((IF(K20="",0,LEN(K20)-LEN(SUBSTITUTE(K20,";",""))+1))*'Scoring Rules'!$B$26,'Scoring Rules'!$B$27)+IF(N20="是",'Scoring Rules'!$B$28,0)+IF(O20="是",'Scoring Rules'!$B$29,0)+IF(P20="是",'Scoring Rules'!$B$30,0)+IF(Q20="是",'Scoring Rules'!$B$31,0)+IF(R20="是",'Scoring Rules'!$B$32,0)+IF(S20>=8000,'Scoring Rules'!$B$35,IF(S20>=4000,'Scoring Rules'!$B$36,IF(S20>=2000,'Scoring Rules'!$B$37,'Scoring Rules'!$B$38)))) | F20: Standard | G20: Master | H20: 16 | I20: 4 | J20: 28 | K20: AWS | L20: 是 | P20: 是 | R20: 是 | S20: 6480 | T20: Frontend; Backend/API; Mobile; Data/Database; Cloud/DevOps; Testing/Automation | U20: Finance/Banking; Technology; Education/Research | V20: C:\Workspace\java\scrape_indeed\soft_dav_part_1\162.html#21473 | W20: Master；4段日期化工作经历；28类软件开发关键词；相关证书：AWS；有个人链接；有项目/GitHub/Open Source信息；技术方向：Frontend、Backend/API、Mobile | X20: /Users/q/Desktop/Project-Security/data/software_developer_selection/02_diverse_sample_20/19__strong__21131__Software_Developer.txt
A21: 20 | B21: 22235 | C21: Software Developer | D21: =IF(E21>='Scoring Rules'!$B$3,"强",IF(E21>='Scoring Rules'!$B$4,"中","弱")) | E21: =MIN(100,H21+IF(I21>=5,'Scoring Rules'!$B$16,IF(I21>=3,'Scoring Rules'!$B$17,IF(I21>=1,'Scoring Rules'!$B$18,'Scoring Rules'!$B$19)))+IF(L21="是",'Scoring Rules'!$B$22,0)+MIN(J21*'Scoring Rules'!$B$23,'Scoring Rules'!$B$24)+IF(M21="是",'Scoring Rules'!$B$25,0)+MIN((IF(K21="",0,LEN(K21)-LEN(SUBSTITUTE(K21,";",""))+1))*'Scoring Rules'!$B$26,'Scoring Rules'!$B$27)+IF(N21="是",'Scoring Rules'!$B$28,0)+IF(O21="是",'Scoring Rules'!$B$29,0)+IF(P21="是",'Scoring Rules'!$B$30,0)+IF(Q21="是",'Scoring Rules'!$B$31,0)+IF(R21="是",'Scoring Rules'!$B$32,0)+IF(S21>=8000,'Scoring Rules'!$B$35,IF(S21>=4000,'Scoring Rules'!$B$36,IF(S21>=2000,'Scoring Rules'!$B$37,'Scoring Rules'!$B$38)))) | F21: Standard | G21: Bachelor | H21: 12 | I21: 7 | J21: 3 | L21: 是 | O21: 是 | Q21: 是 | R21: 是 | S21: 7304 | T21: Embedded/Systems; Testing/Automation | U21: Technology | V21: C:\Workspace\java\scrape_indeed\soft_dav_part_1\2633.html#22599 | W21: Bachelor；7段日期化工作经历；3类软件开发关键词；有量化成果或明确成就；有项目/GitHub/Open Source信息；技术方向：Embedded/Systems、Testing/Automation | X21: /Users/q/Desktop/Project-Security/data/software_developer_selection/02_diverse_sample_20/20__medium__22235__Software_Developer.txt

Sheet Scoring Rules
A1: Software Developer 内容证据评分规则（不代表候选人真实能力或录用结论）
A2: 类别 | B2: 参数/分值 | C2: 说明
A3: 强档阈值 | B3: 65 | C3: 内容证据分不低于该值
A4: 中档阈值 | B4: 45 | C4: 低于强档且不低于该值
A6: 教育层次 | B6: 分值 | C6: 取教育段可识别的最高学历
A7: Doctorate | B7: 18
A8: Master | B8: 16
A9: Bachelor | B9: 12
A10: Associate | B10: 8
A11: Certificate | B11: 6
A12: High School | B12: 5
A13: Unspecified | B13: 2 | C13: 有教育内容但层次未识别；无教育内容为0
A15: 工作经历 | B15: 分值 | C15: 按可识别日期区间数量
A16: 5+ | B16: 20
A17: 3-4 | B17: 14
A18: 1-2 | B18: 6
A19: 0 | B19: 0
A21: 其他证据 | B21: 分值
A22: Skills段 | B22: 7
A23: 每类软件开发关键词 | B23: 1.25
A24: 关键词分上限 | B24: 15
A25: 证书/执照段 | B25: 8
A26: 每类明确技术证书 | B26: 3
A27: 明确技术证书分上限 | B27: 8
A28: Awards/Honors | B28: 8 | C28: 仅统计教育段之后的明确章节标题
A29: 量化成果/明确成就 | B29: 10 | C29: 成果动词与数字/比例/规模共同出现，或明确成就标题
A30: 个人链接 | B30: 4 | C30: LinkedIn、GitHub或Links段
A31: Additional Information | B31: 2
A32: 项目/GitHub/Open Source | B32: 4
A34: 正文长度 | B34: 分值 | C34: 字符数
A35: >=8000 | B35: 8
A36: 4000-7999 | B36: 6
A37: 2000-3999 | B37: 4
A38: <2000 | B38: 2
